Workbook

Sheet Sheet1
C2: 職種 | E2: 適正 | F2: 12月 | G2: 1月 | H2: 2月 | I2: 3月 | J2: 適正 | K2: 4月 | L2: 5月 | M2: 6月 | N2: 適正 | O2: 7月 | P2: 8月 | Q2: 9月 | R2: 適正 | S2: 10月 | T2: 11月 | U2: 12月 | V2: 総合職→200ｈ 一般職→165h 新卒→100h 時短→ 130h スタッフ→60h
C3: 経理 | D3: 社員 （人数） | E3: 4 | F3: 4 | G3: 3 | H3: 3 | I3: 5 | J3: 4 | K3: 4 | L3: 4 | M3: 3 | N3: 4 | O3: 1 | V3: ※昨年11月は社員5名（寺川、後藤、本間、石原、興梠）
F4: =F3-E3 -> 0 | G4: =G3-E3 -> -1 | H4: =H3-E3 -> -1 | I4: =I3-E3 -> 1 | K4: =K3-E3 -> 0 | L4: =L3-E3 -> 0 | M4: =M3-E3 -> -1 | O4: =O3-N3 -> -3 | V4: ※1-2月の社員1名は派遣社員
D5: 労働時間 | E5: 590 | F5: 590 | G5: 460 | H5: 460 | I5: 755 | J5: 590 | K5: 625 | L5: 625 | M5: 495 | O5: 495 | V5: ※3-6月の社員2名は派遣社員
F6: =F5-E5 -> 0 | G6: =G5-E5 -> -130 | H6: =H5-E5 -> -130 | I6: =I5-E5 -> 165 | K6: =K5-J5 -> 35 | L6: =L5-E5 -> 35 | M6: =M5-E5 -> -95 | O6: =O5-G5 -> 35 | V6: ※1月以降は休職中の本間さんノーカウント
D7: パート （人数） | E7: 6 | F7: 6 | G7: 6 | H7: 5 | I7: 4 | J7: 4 | K7: 4 | L7: 4 | M7: 4 | O7: 4 | V7: ※大戸さんは週1出勤のため25hでカウント
F8: =F7-E7 -> 0 | G8: =G7-E7 -> 0 | H8: =H7-E7 -> -1 | I8: =I7-E7 -> -2 | K8: =K7-J7 -> 0 | L8: =L7-J7 -> 0 | M8: =M7-L7 -> 0 | O8: =O7-N7 -> 4
D9: 労働時間 | E9: 325 | F9: 325 | G9: 325 | H9: 265 | I9: 205 | J9: 325 | K9: 205 | L9: 205 | M9: 205 | O9: 205
F10: =F9-E9 -> 0 | G10: =G9-E9 -> 0 | H10: =H9-E9 -> -60 | I10: =I9-E9 -> -120 | K10: =K9-E9 -> -120 | L10: =L9-E9 -> -120 | M10: =M9-E9 -> -120 | O10: =O9-G9 -> -120
F11: 【入社】 12月：スタッフ並木さん、濱里さん 1月：派遣社員松本さん ※6月末まで 2月：スタッフ松浦さん 3月：本間さん復帰 3月：派遣社員もう1名 | H11: 【退職/休職】 12月：石原さん（兼任） 1月：本間さん※休職 スタッフ山本さん、三木さん 2月：今西さん 3月：寺川さん | J11: 【入社】 | L11: 【退職/休職】 6月：本間さん※産休 派遣社員松本さん※6月までの契約 | N11: 【入社】 | P11: 【退職/休職】 | R11: 【入社】 | T11: 【退職/休職】
C20: 職種 | E20: 適正 | F20: 12月 | G20: 1月 | H20: 2月 | I20: 3月 | J20: 適正 | K20: 4月 | L20: 5月 | M20: 6月 | N20: 適正 | O20: 7月 | P20: 8月 | Q20: 9月 | R20: 適正 | S20: 10月 | T20: 11月 | U20: 12月
C21: 総務 | D21: 社員 （人数） | E21: 1 | F21: 1 | G21: 1 | H21: 1 | I21: 1 | J21: 1 | K21: 1 | L21: 1 | M21: 1
F22: =F21-E21 -> 0 | G22: =G21-E21 -> 0 | H22: =H21-F21 -> 0 | I22: =I21-E21 -> 0 | K22: =K21-E21 -> 0 | L22: =L21-E21 -> 0 | M22: =M21-E21 -> 0
D23: 労働時間 | E23: 165 | F23: 165 | G23: 165 | H23: 165 | I23: 165 | J23: 165 | K23: 165 | L23: 165 | M23: 165
F24: =F23-E23 -> 0 | G24: =G23-E23 -> 0 | H24: =H23-E23 -> 0 | I24: =I23-E23 -> 0 | K24: =K23-E23 -> 0 | L24: =L23-E23 -> 0 | M24: =M23-E23 -> 0
D25: パート （人数） | E25: 1 | F25: 0 | G25: 1 | H25: 1 | I25: 1 | J25: 1 | K25: 1 | L25: 1 | M25: 1
F26: =F25-E25 -> -1 | G26: =G25-E25 -> 0 | H26: =H25-E25 -> 0 | I26: =I25-E25 -> 0 | K26: =K25-E25 -> 0 | L26: =L25-E25 -> 0 | M26: =M25-E25 -> 0
D27: 労働時間 | E27: 60 | F27: 0 | G27: 60 | H27: 60 | I27: 60 | J27: 60 | K27: 60 | L27: 60 | M27: 60
F28: =F27-E27 -> -60 | G28: =G27-E27 -> 0 | H28: =H27-E27 -> 0 | I28: =I27-E27 -> 0 | K28: =K27-E27 -> 0 | L28: =L27-E27 -> 0 | M28: =M27-E27 -> 0
F29: 【入社】 1月：スタッフ嵯峨さん | H29: 【退職/休職】 12月：石原さん（兼任） ※人数としては経理でカウント | J29: 【入社】 | L29: 【退職/休職】 | N29: 【入社】 | P29: 【退職/休職】 | R29: 【入社】 | T29: 【退職/休職】
C30: 職種 | E30: 適正 | F30: 12月 | G30: 1月 | H30: 2月 | I30: 3月 | J30: 適正 | K30: 4月 | L30: 5月 | M30: 6月 | N30: 適正 | O30: 7月 | P30: 8月 | Q30: 9月 | R30: 適正 | S30: 10月 | T30: 11月 | U30: 12月 | V30: 総合職→200ｈ 一般職→165h 時短→ 130ｈ
C31: 人事 労務 | D31: 社員 | E31: 3 | F31: 3 | G31: 2 | H31: 2 | I31: 4 | J31: 3 | K31: 3 | L31: 3 | M31: 3 | V31: ※11月は社員4名（まゆか、目黒、伊東、長濱）
F32: =F32-E31 -> -9 | G32: =G31-E31 -> -1 | H32: =H31-E31 -> -1 | I32: =I31-E31 -> 1 | K32: =K31-J31 -> 0 | L32: =L31-K31 -> 0 | M32: =M31-L31 -> 0
D33: 労働時間 | E33: 425 | F33: 425 | G33: 260 | H33: 260 | I33: 555 | J33: 425 | K33: 425 | L33: 425 | M33: 425
F34: =F33-E33 -> 0 | G34: =G33-E33 -> -165 | H34: =H33-E33 -> -165 | I34: =I33-E33 -> 130 | K34: =K33-E33 -> 0 | L34: =L33-E33 -> 0 | M34: =M33-E33 -> 0
F35: 【入社】 3月：川下さん 3月：目黒さん復帰 | H35: 【退職/休職】 1月：目黒さん※休職 | J35: 【入社】 | L35: 【退職/休職】 4月：伊東さん※産休 | N35: 【入社】 | P35: 【退職/休職】 | R35: 【入社】 | T35: 【退職/休職】
C36: 職種 | E36: 適正 | F36: 12月 | G36: 1月 | H36: 2月 | I36: 3月 | J36: 適正 | K36: 4月 | L36: 5月 | M36: 6月 | N36: 適正 | O36: 7月 | P36: 8月 | Q36: 9月 | R36: 適正 | S36: 10月 | T36: 11月 | U36: 12月 | V36: 総合職→200ｈ 一般職→165h 新卒→100h 時短→ 130ｈ
C37: LP | D37: 社員 | E37: 13 | F37: 12 | G37: 12 | H37: 12 | I37: 11 | J37: 15 | K37: 13 | L37: 14 | M37: 14 | V37: ※11月は13名（佐藤さん、小澤さんが退職）
F38: =F37-E37 -> -1 | G38: =G37-E37 -> -1 | H38: =H37-E37 -> -1 | I38: =I37-E37 -> -2 | K38: =K37-J37 -> -2 | L38: =L37-J37 -> -1 | M38: =M37-J37 -> -1
D39: 労働時間 | E39: 2180 | F39: 1850 | G39: 2050 | H39: 2050 | I39: 2050 | J39: 2545 | K39: 2250 | L39: 2380 | M39: 2380
F40: =F39-E39 -> -330 | G40: =G39-E39 -> -130 | H40: =H39-E39 -> -130 | I40: =I39-E39 -> -130 | K40: =K39-J39 -> -295 | L40: =L39-J39 -> -165 | M40: =M39-J39 -> -165
F41: 【入社】 1月：提箸さん | H41: 【退職/休職】 12月：小澤さん 3月：安齋さん | J41: 【入社】 4月：宮内さん、森山さん※新卒 5月：中田さん復帰? | L41: 【退職/休職】 | N41: 【入社】 | P41: 【退職/休職】 | R41: 【入社】 | T41: 【退職/休職】 | V41: ・総合職3、一般職8、時短1(1月) | W41: ・新卒2名配属予定 ・新卒は100h換算
C42: 職種 | E42: 適正 | F42: 12月 | G42: 1月 | H42: 2月 | I42: 3月 | J42: 適正 | K42: 4月 | L42: 5月 | M42: 6月 | N42: 適正 | O42: 7月 | P42: 8月 | Q42: 9月 | R42: 適正 | S42: 10月 | T42: 11月 | U42: 12月 | V42: 総合職→200ｈ 一般職→165h 時短→ 130ｈ
C43: 受注 | D43: 社員 | E43: 16 | F43: 16 | G43: 16 | H43: 16 | I43: 17 | J43: 18 | K43: 15 | L43: 15 | M43: 16 | N43: 18 | O43: 17 | P43: 17 | Q43: 17 | R43: 20 | S43: 19 | T43: 19 | U43: 20 | V43: 受注候補は入社時に人数カウントなし（管理でカウント）
F44: =F43-E43 -> 0 | G44: =G43-E43 -> 0 | H44: =H43-E43 -> 0 | I44: =I43-E43 -> 1 | K44: =K43-J43 -> -3 | L44: =L43-J43 -> -3 | M44: =M43-J43 -> -2 | O44: =O43-N43 -> -1 | P44: =P43-N43 -> -1 | Q44: =Q43-N43 -> -1 | S44: =S43-R43 -> -1 | T44: =S43-R43 -> -1 | U44: =U43-R43 -> 0 | V44: 受注デビュー月から人数カウント
D45: 労働時間 | E45: 3130 | F45: 3130 | G45: 3130 | H45: 3130 | I45: 3295 | J45: 3500 | K45: 2895 | L45: 2895 | M45: 3095 | N45: 3500 | O45: 3295 | P45: 3295 | Q45: 3295 | R45: 3860 | S45: 3660 | T45: 3660 | U45: 3860
F46: =F45-E45 -> 0 | G46: =G45-E45 -> 0 | H46: =H45-E45 -> 0 | I46: =I45-E45 -> 165 | K46: =K45-J45 -> -605 | L46: =L45-J45 -> -605 | M46: =M45-J45 -> -405 | O46: =O45-N45 -> -205 | P46: =O45-N45 -> -205 | Q46: =Q45-N45 -> -205 | S46: =S45-R45 -> -200 | T46: =T45-R45 -> -200 | U46: =U45-R45 -> 0
F47: 【入社/デビュー】 1月；登坂さん、市川さん、加藤さん入社 2月：鎌田さん入社 3月：加藤さんデビュー | H47: 【退職/休職】 3月：鵜飼さん、伊藤さん | J47: 【入社/デビュー】 4月：太田さん入社 6月：鎌田さんデビュー | L47: 【退職/休職】 | N47: 【入社/デビュー】 7月：上村さんデビュー | P47: 【退職/休職】 | R47: 【入社/デビュー】 10月：登坂さん、市川さんデビュー 12月：太田さんデビュー | T47: 【退職/休職】
C48: 職種 | E48: 適正 | F48: 12月 | G48: 1月 | H48: 2月 | I48: 3月 | J48: 適正 | K48: 4月 | L48: 5月 | M48: 6月 | N48: 適正 | O48: 7月 | P48: 8月 | Q48: 9月 | R48: 適正 | S48: 10月 | T48: 11月 | U48: 12月 | V48: 総合職→200ｈ 一般職→165h 新卒→100h 時短→ 130ｈ
C49: 管理 | D49: 社員 | E49: 19 | F49: 15 | G49: 19 | H49: 20 | I49: 19 | J49: 22 | K49: 26 | L49: 26 | M49: 25 | N49: 23 | O49: 24 | P49: 24 | Q49: 24 | R49: 25 | S49: 22 | T49: 22 | U49: 21 | V49: 受注はデビュー月から人数マイナス
F50: =F49-E49 -> -4 | G50: =G49-E49 -> 0 | H50: =H49-E49 -> 1 | I50: =I49-E49 -> 0 | K50: =K49-J49 -> 4 | L50: =L49-J49 -> 4 | M50: =M49-J49 -> 3 | O50: =O49-N49 -> 1 | P50: =P49-N49 -> 1 | Q50: =Q49-N49 -> 1 | S50: =S49-R49 -> -3 | T50: =T49-R49 -> -3 | U50: =U49-R49 -> -4
D51: 労働時間 | E51: 3300 | F51: 2720 | G51: 3450 | H51: 3650 | I51: 3485 | J51: 3865 | K51: 4185 | L51: 4185 | M51: 3985 | N51: 4065 | O51: 3785 | P51: 3785 | Q51: 3785 | R51: 4400 | S51: 3420 | T51: 3420 | U51: 3220
F52: =F51-E51 -> -580 | G52: =G51-E51 -> 150 | H52: =H51-E51 -> 350 | I52: =I51-E51 -> 185 | K52: =K51-J51 -> 320 | L52: =L51-J51 -> 320 | M52: =M51-J51 -> 120 | O52: =O51-N51 -> -280 | P52: =P51-N51 -> -280 | Q52: =Q51-N51 -> -280 | S52: =S51-R51 -> -980 | T52: =T51-R51 -> -980 | U52: =U51-R51 -> -1180
F53: 【入社】 1月：藤倉さん、登坂さん、市川さん、加藤さん 2月：鎌田さん | H53: 【退職/休職】 2月：森下さん 3月：根本さん 3月：加藤さん受注へ | J53: 【入社】 4月：太田さん 間瀬さん、芹ケ野さん、肥後さん、外所さん、守友さん※新卒 | L53: 【退職/休職】 6月：鎌田さん受注へ | N53: 【入社】 | P53: 【退職/休職】 7月：上村さん受注へ | R53: 【入社】 | T53: 【退職/休職】 10月：登坂さん、市川さん受注へ 12月：太田さん受注へ
C54: 職種 | E54: 適正 | F54: 12月 | G54: 1月 | H54: 2月 | I54: 3月 | J54: 適正 | K54: 4月 | L54: 5月 | M54: 6月 | N54: 適正 | O54: 7月 | P54: 8月 | Q54: 9月 | R54: 適正 | S54: 10月 | T54: 11月 | U54: 12月
C55: 事務 管理 | D55: 社員 | E55: 6 | F55: 5 | G55: 6 | H55: 6 | I55: 6 | J55: 6 | K55: 6 | L55: 6 | M55: 6
F56: =F55-E55 -> -1 | G56: =G55-E55 -> 0 | H56: =H55-E55 -> 0 | I56: =I55-E55 -> 0 | K56: =K55-J55 -> 0 | L56: =L55-J55 -> 0 | M56: =M55-J55 -> 0
D57: 労働時間 | E57: 800 | F57: 685 | G57: 815 | H57: 815 | I57: 815 | J57: 800 | K57: 815 | L57: 815 | M57: 815
F58: =F57-E57 -> -115 | G58: =G57-E57 -> 15 | H58: =H57-E57 -> 15 | I58: =I57-E57 -> 15 | K58: =K57-J57 -> 15 | L58: =L57-J57 -> 15 | M58: =M57-J57 -> 15
F59: 【入社】 1月：本多さん復帰 | H59: 【退職/休職】 | J59: 【入社】 | L59: 【退職/休職】 | N59: 【入社】 | P59: 【退職/休職】 | R59: 【入社】 | T59: 【退職/休職】
C60: 職種 | E60: 適正 | F60: 12月 | G60: 1月 | H60: 2月 | I60: 3月 | J60: 適正 | K60: 4月 | L60: 5月 | M60: 6月 | N60: 適正 | O60: 7月 | P60: 8月 | Q60: 9月 | R60: 適正 | S60: 10月 | T60: 11月 | U60: 12月 | V60: 総合職→200ｈ 一般職→165h 内定者→100h 時短→ 130h スタッフ→60h
C61: 相続 スタッフ | D61: スタッフ | F61: 20 | G61: 20 | H61: 19 | I61: 17 | K61: 16 | L61: 16 | M61: 16
D62: 労働時間 | F62: 1200 | G62: 1200 | H62: 1140 | I62: 1020 | K62: 960 | L62: 960 | M62: 960
D63: 内定者 | F63: 8 | G63: 8 | H63: 8 | I63: 10 | K63: 0 | L63: 0 | M63: 0
D64: 労働時間 | F64: 800 | G64: 800 | H64: 800 | I64: 1000 | K64: 0 | L64: 0 | M64: 0
D65: インターン | F65: 8 | G65: 6 | H65: 6 | I65: 5 | K65: 5 | L65: 5 | M65: 5
D66: 労働時間 | F66: 480 | G66: 360 | H66: 360 | I66: 300 | K66: 300 | L66: 300 | M66: 300
D67: 研修中 | F67: 1 | G67: 5 | H67: 6 | I67: 6 | K67: 2 | L67: 2 | M67: 0
D68: 労働時間 | F68: 100 | G68: 500 | H68: 600 | I68: 600 | K68: 200 | L68: 200 | M68: 0
D69: 合計 | F69: =SUM(F61,F63,F65,F67) -> 37 | G69: =SUM(G61,G63,G65,G67) -> 39 | H69: =SUM(H61,H63,H65,H67) -> 39 | I69: =SUM(I61,I63,I65,I67) -> 38 | K69: =SUM(K61,K63,K65,K67) -> 23 | L69: =SUM(L61,L63,L65,L67) -> 23 | M69: =SUM(M61,M63,M65,M67) -> 21
D70: 労働時間 | F70: =SUM(F62,F64,F66,F68) -> 2580 | G70: =SUM(G62,G64,G66,G68) -> 2860 | H70: =SUM(H62,H64,H66,H68) -> 2900 | I70: =SUM(I62,I64,I66,I68) -> 2920 | K70: =SUM(K62,K64,K66,K68) -> 1460 | L70: =SUM(L62,L64,L66,L68) -> 1460 | M70: =SUM(M62,M64,M66,M68) -> 1260
F71: 【入社】 12月：得能さん | H71: 【退職/休職】 1月：星萌さん 2月：槙本さん 2月：正中さん※産休 3月：横山さん | J71: 【入社】 | L71: 【退職/休職】 4月；内定者11名それぞれ配属先へ | N71: 【入社】 | P71: 【退職/休職】 | R71: 【入社】 | T71: 【退職/休職】
C72: 職種 | E72: 適正 | F72: 12月 | G72: 1月 | H72: 2月 | I72: 3月 | J72: 適正 | K72: 4月 | L72: 5月 | M72: 6月 | N72: 適正 | O72: 7月 | P72: 8月 | Q72: 9月 | R72: 適正 | S72: 10月 | T72: 11月 | U72: 12月 | V72: 総合職→200ｈ 一般職→165h 新卒→100h 時短→ 130ｈ
C73: 登記 | D73: 社員 （人数） | E73: 5 | F73: 4 | G73: 4 | H73: 4 | I73: 4 | J73: 5 | K73: 4 | L73: 4 | M73: 4
F74: =F73-E73 -> -1 | G74: =G73-E73 -> -1 | H74: =H73-F73 -> 0 | I74: =I73-E73 -> -1 | K74: =K73-E73 -> -1 | L74: =L73-E73 -> -1 | M74: =M73-E73 -> -1
D75: 労働時間 | E75: 825 | F75: 660 | G75: 660 | H75: 660 | I75: 660 | J75: 660 | K75: 660 | L75: 660 | M75: 660
F76: =F75-E75 -> -165 | G76: =G75-E75 -> -165 | H76: =H75-E75 -> -165 | I76: =I75-E75 -> -165 | K76: =K75-E75 -> -165 | L76: =L75-E75 -> -165 | M76: =M75-E75 -> -165
D77: パート （人数） | E77: 5 | F77: 5.3 | G77: 5.3 | H77: 5 | I77: 5 | J77: 5 | K77: 5 | L77: 5 | M77: 5
F78: =F77-E77 -> 0.3 | G78: =G77-E77 -> 0.3 | H78: =H77-E77 -> 0 | I78: =I77-E77 -> 0 | K78: =K77-E77 -> 0 | L78: =L77-E77 -> 0 | M78: =M77-E77 -> 0
D79: 労働時間 | E79: 300 | F79: 300 | G79: 300 | H79: 300 | I79: 300 | J79: 300 | K79: 300 | L79: 300 | M79: 300
F80: =F79-E79 -> 0 | G80: =G79-E79 -> 0 | H80: =H79-E79 -> 0 | I80: =I79-E79 -> 0 | K80: =K79-E79 -> 0 | L80: =L79-E79 -> 0 | M80: =M79-E79 -> 0
F81: 【入社】 | H81: 【退職/休職】 ～米田さん休職中 | J81: 【入社】 | L81: 【退職/休職】 | N81: 【入社】 | P81: 【退職/休職】 | R81: 【入社】 | T81: 【退職/休職】
C82: 職種 | E82: 適正 | F82: 12月 | G82: 1月 | H82: 2月 | I82: 3月 | J82: 適正 | K82: 4月 | L82: 5月 | M82: 6月 | N82: 適正 | O82: 7月 | P82: 8月 | Q82: 9月 | R82: 適正 | S82: 10月 | T82: 11月 | U82: 12月 | V82: 総合職→200ｈ 一般職→165h 新卒→100h 時短→ 130ｈ
C83: 身元保証 | D83: 社員 | E83: 8 | F83: 8 | G83: 8 | H83: 8 | I83: 8 | J83: 8 | K83: 10 | L83: 10 | M83: 10
F84: =F83-E83 -> 0 | G84: =G83-E83 -> 0 | H84: =H83-E83 -> 0 | I84: =I83-E83 -> 0 | K84: =K83-J83 -> 2 | L84: =L83-J83 -> 2 | M84: =M83-J83 -> 2
D85: 労働時間 | E85: 1355 | F85: 1355 | G85: 1355 | H85: 1366 | I85: 1355 | J85: 1355 | K85: 1555 | L85: 1555 | M85: 1555
F86: =F85-E85 -> 0 | G86: =G85-E85 -> 0 | H86: =H85-E85 -> 11 | I86: =I85-E85 -> 0 | K86: =K85-J85 -> 200 | L86: =L85-J85 -> 200 | M86: =M85-J85 -> 200
F87: 【入社】 1月：國分さん合流 | H87: 【退職/休職】 大塚さん異動？ | J87: 【入社】 4月：築地原さん、山内さん | L87: 【退職/休職】 | N87: 【入社】 | P87: 【退職/休職】 | R87: 【入社】 | T87: 【退職/休職】
C88: 職種 | E88: 適正 | F88: 12月 | G88: 1月 | H88: 2月 | I88: 3月 | J88: 適正 | K88: 4月 | L88: 5月 | M88: 6月 | N88: 適正 | O88: 7月 | P88: 8月 | Q88: 9月 | R88: 適正 | S88: 10月 | T88: 11月 | U88: 12月 | V88: 総合職→200ｈ 一般職→165h 新卒→100h 時短→ 130h スタッフ→60h
C89: コンサル 経営企画 法人営業 終活支援 | D89: 社員 （人数） | E89: 16 | F89: 16 | G89: 16 | H89: 16 | I89: 16 | J89: 16 | K89: 17 | L89: 17 | M89: 17
F90: =F89-E89 -> 0 | G90: =G89-E89 -> 0 | H90: =H89-F89 -> 0 | I90: =I89-E89 -> 0 | K90: =K89-E89 -> 1 | L90: =L89-E89 -> 1 | M90: =M89-E89 -> 1
D91: 労働時間 | E91: 2710 | F91: 2710 | G91: 2710 | H91: 2710 | I91: 2710 | J91: 660 | K91: 2710 | L91: 2710 | M91: 2710
F92: =F91-E91 -> 0 | G92: =G91-E91 -> 0 | H92: =H91-E91 -> 0 | I92: =I91-E91 -> 0 | K92: =K91-E91 -> 0 | L92: =L91-E91 -> 0 | M92: =M91-E91 -> 0
D93: パート （人数） | E93: 7 | F93: 7 | G93: 7 | H93: 7 | I93: 7 | J93: 7 | K93: 6 | L93: 6 | M93: 6
F94: =F93-E93 -> 0 | G94: =G93-E93 -> 0 | H94: =H93-E93 -> 0 | I94: =I93-E93 -> 0 | K94: =K93-E93 -> -1 | L94: =L93-E93 -> -1 | M94: =M93-E93 -> -1
D95: 労働時間 | E95: 325 | F95: 350 | G95: 350 | H95: 285 | I95: 220 | J95: 325 | K95: 220 | L95: 220 | M95: 220
F96: =F95-E95 -> 25 | G96: =G95-E95 -> 25 | H96: =H95-E95 -> -40 | I96: =I95-E95 -> -105 | K96: =K95-E95 -> -105 | L96: =L95-E95 -> -105 | M96: =M95-E95 -> -105
F97: 【入社】 | H97: 【退職/休職】 3月；上杉さん、制作スタッフ福田さん | J97: 【入社】 4月：平田さん、伊藤さん※新卒 | L97: 【退職/休職】 | N97: 【入社】 | P97: 【退職/休職】 | R97: 【入社】 | T97: 【退職/休職】
C98: 職種 | E98: 適正 | F98: 12月 | G98: 1月 | H98: 2月 | I98: 3月 | J98: 適正 | K98: 4月 | L98: 5月 | M98: 6月 | N98: 適正 | O98: 7月 | P98: 8月 | Q98: 9月 | R98: 適正 | S98: 10月 | T98: 11月 | U98: 12月 | V98: 総合職→200ｈ 一般職→165h 新卒→100h 時短→ 130h スタッフ→60h
C99: 不動産 | D99: 社員 （人数） | E99: 8 | F99: 8 | G99: 8 | H99: 8 | I99: 8 | J99: 10 | K99: 8 | L99: 8 | M99: 8
F100: =F99-E99 -> 0 | G100: =G99-E99 -> 0 | H100: =H99-F99 -> 0 | I100: =I99-E99 -> 0 | K100: =K99-E99 -> 0 | L100: =L99-E99 -> 0 | M100: =M99-E99 -> 0
D101: 労働時間 | E101: 1460 | F101: 1460 | G101: 1460 | H101: 1460 | I101: 1460 | J101: 1460 | K101: 1460 | L101: 1460 | M101: 1460
F102: =F101-E101 -> 0 | G102: =G101-E101 -> 0 | H102: =H101-E101 -> 0 | I102: =I101-E101 -> 0 | K102: =K101-E101 -> 0 | L102: =L101-E101 -> 0 | M102: =M101-E101 -> 0
D103: パート （人数） | E103: 2 | F103: 2 | G103: 2 | H103: 2 | I103: 2 | J103: 2 | K103: 2 | L103: 2 | M103: 2
F104: =F103-E103 -> 0 | G104: =G103-E103 -> 0 | H104: =H103-E103 -> 0 | I104: =I103-E103 -> 0 | K104: =K103-E103 -> 0 | L104: =L103-E103 -> 0 | M104: =M103-E103 -> 0
D105: 労働時間 | E105: 120 | F105: 120 | G105: 120 | H105: 120 | I105: 120 | J105: 120 | K105: 120 | L105: 120 | M105: 120
F106: =F105-E105 -> 0 | G106: =G105-E105 -> 0 | H106: =H105-E105 -> 0 | I106: =I105-E105 -> 0 | K106: =K105-E105 -> 0 | L106: =L105-E105 -> 0 | M106: =M105-E105 -> 0
F107: 【入社】 | H107: 【退職/休職】 | J107: 【入社】 | L107: 【退職/休職】 | N107: 【入社】 | P107: 【退職/休職】 | R107: 【入社】 | T107: 【退職/休職】
C108: 役員など | F108: 12月 | G108: 1月 | H108: 2月 | I108: 3月 | K108: 4月 | L108: 5月 | M108: 6月 | O108: 7月 | P108: 8月 | Q108: 9月 | S108: 10月 | T108: 11月 | U108: 12月
F109: 4 | G109: 4 | H109: 4 | I109: 4 | K109: 4 | L109: 4 | M109: 4
...

Sheet Sheet3
A2: 経理 | B2: 寺川 | D2: 大戸
B3: 後藤 | D3: 並木
B4: 松本（派遣） | D4: 濱里
D5: 松浦
A6: 総務 | B6: 滝澤
A8: 労務 | B8: まゆか
B9: 伊東
B10: 目黒
B11: 川下
A13: LP

Sheet Sheet2
A1: 氏名 | B1: 入社年月 | C1: 勤続年数 | D1: 勤務形態
A2: 第一事業部・藤沢
A3: 山田 | B3: 40787 | C3: 14年4ヶ月 | D3: 総合職
A4: 嶋津 | B4: 43831 | C4: 6年0ヶ月 | D4: 総合職
A5: 五十嵐 | B5: 42339 | C5: 10年1ヶ月 | D5: 総合職
A6: 伊藤 | B6: 44287 | C6: 4年9ヶ月 | D6: 総合職
A7: 渡邉 | B7: 45413 | C7: 1年8ヶ月 | D7: 総合職
A8: 梅澤 | B8: 45748 | C8: 0年9ヶ月 | D8: 総合職
A9: 鵜飼 | B9: 42095 | C9: 10年9ヶ月 | D9: 総合職
A10: 齋藤 | B10: 45261 | C10: 2年1ヶ月 | D10: 総合職
A11: 藤田(早) | B11: 42856 | C11: 8年8ヶ月 | D11: 時短
A12: 馬場 | B12: 43647 | C12: 6年6ヶ月 | D12: 総合職
A13: 角田 | B13: 45748 | C13: 0年9ヶ月 | D13: 総合職
A14: 山崎（亮） | B14: 41214 | C14: 13年2ヶ月 | D14: 総合職
... A19: 杉原 | B19: 43191 | C19: 7年9ヶ月 | D19: 総合職
A23: 受注候補
A24: 筆野 | B24: 42705 | C24: 9年1ヶ月 | D24: 総合職
A27: 上村 | B27: 45931 | C27: 0年3ヶ月 | D27: 総合職
A30: 市川 | B30: 46023 | C30: 0年0ヶ月 | D30: 総合職
A33: 登坂 | B33: 46023 | C33: 0年0ヶ月 | D33: 総合職
A36: 加藤 | B36: 46023 | C36: 0年0ヶ月 | D36: 総合職
A39: 鎌田 | B39: 46054 | C39: #NUM! | D39: 総合職
D44: 総計

Sheet 受注
C1: 職種 | E1: 12月 | F1: 1月 | G1: 2月 | H1: 3月 | I1: 4月 | J1: 5月 | K1: 6月 | L1: 7月 | M1: 8月 | N1: 9月 | O1: 10月 | P1: 11月 | Q1: 12月 | R1: 総合職→200ｈ 一般職→165h 時短→ 130ｈ
C2: 受注 | D2: 適正人数 | E2: 16 | F2: 16 | G2: 16 | H2: 17 | I2: 15 | J2: 15 | K2: 16 | L2: 17 | M2: 17 | N2: 17 | O2: 19 | P2: 19 | Q2: 20 | R2: 受注候補は入社時に人数カウントなし（管理でカウント）
D3: デビュー済
D4: デビュー前
D5: 差 | E5: =E2-#REF! -> #REF! | F5: =F2-#REF! -> #REF! | G5: =G2-#REF! -> #REF! | H5: =H2-#REF! -> #REF! | I5: =I2-#REF! -> #REF! | J5: =J2-#REF! -> #REF! | K5: =K2-#REF! -> #REF! | L5: =L2-#REF! -> #REF! | ... O5: =O2-#REF! -> #REF! | P5: =O2-#REF! -> #REF! | Q5: =Q2-#REF! -> #REF! | R5: 受注デビュー月から人数カウント
C6: 労働時間 | D6: 3130 | E6: 3130 | F6: 3130 | G6: 3130 | H6: 3295 | I6: 2895 | J6: 2895 | K6: 3095 | L6: 3295 | M6: 3295 | N6: 3295 | O6: 3660 | P6: 3660 | Q6: 3860
E7: =E6-#REF! -> #REF! | F7: =F6-#REF! -> #REF! | G7: =G6-#REF! -> #REF! | H7: =H6-#REF! -> #REF! | I7: =I6-#REF! -> #REF! | J7: =J6-#REF! -> #REF! | K7: =K6-#REF! -> #REF! | L7: =L6-#REF! -> #REF! | M7: =L6-#REF! -> #REF! | N7: =N6-#REF! -> #REF! | O7: =O6-#REF! -> #REF! | P7: =P6-#REF! -> #REF! | Q7: =Q6-#REF! -> #REF!
E8: 【入社/デビュー】 1月；登坂さん、市川さん、加藤さん入社 2月：鎌田さん入社 3月：加藤さんデビュー | G8: 【退職/休職】 3月：鵜飼さん、伊藤さん | I8: 【入社/デビュー】 4月：太田さん入社 6月：鎌田さんデビュー | J8: 【退職/休職】 | L8: 【入社/デビュー】 7月：上村さんデビュー | M8: 【退職/休職】 | O8: 【入社/デビュー】 10月：登坂さん、市川さんデビュー 12月：太田さんデビュー | P8: 【退職/休職】
C9: 職種 | E9: 12月 | F9: 1月 | G9: 2月 | H9: 3月 | I9: 4月 | J9: 5月 | K9: 6月 | L9: 7月 | M9: 8月 | N9: 9月 | O9: 10月 | P9: 11月 | Q9: 12月 | R9: 総合職→200ｈ 一般職→165h 新卒→100h 時短→ 130ｈ
C10: 管理 | D10: 社員 | E10: 15 | F10: 19 | G10: 20 | H10: 19 | I10: 26 | J10: 26 | K10: 25 | L10: 24 | M10: 24 | N10: 24 | O10: 22 | P10: 22 | Q10: 21 | R10: 受注はデビュー月から人数マイナス
E11: =E10-#REF! -> #REF! | F11: =F10-#REF! -> #REF! | G11: =G10-#REF! -> #REF! | H11: =H10-#REF! -> #REF! | I11: =I10-#REF! -> #REF! | J11: =J10-#REF! -> #REF! | K11: =K10-#REF! -> #REF! | L11: =L10-#REF! -> #REF! | ... Q11: =Q10-#REF! -> #REF!
D12: 労働時間 | E12: 2720 | F12: 3450 | G12: 3650 | H12: 3485 | I12: 4185 | J12: 4185 | K12: 3985 | L12: 3785 | M12: 3785 | N12: 3785 | O12: 3420 | P12: 3420 | Q12: 3220
E13: =E12-#REF! -> #REF! | F13: =F12-#REF! -> #REF! | G13: =G12-#REF! -> #REF! | H13: =H12-#REF! -> #REF! | I13: =I12-#REF! -> #REF! | J13: =J12-#REF! -> #REF! | K13: =K12-#REF! -> #REF! | L13: =L12-#REF! -> #REF! | ... Q13: =Q12-#REF! -> #REF!
E14: 【入社】 1月：藤倉さん、登坂さん、市川さん、加藤さん 2月：鎌田さん | G14: 【退職/休職】 2月：森下さん 3月：根本さん 3月：加藤さん受注へ | I14: 【入社】 4月：太田さん 間瀬さん、芹ケ野さん、肥後さん、外所さん、守友さん※新卒 | J14: 【退職/休職】 6月：鎌田さん受注へ | L14: 【入社】 | M14: 【退職/休職】 7月：上村さん受注へ | O14: 【入社】 | P14: 【退職/休職】 10月：登坂さん、市川さん受注へ 12月：太田さん受注へ

Sheet 受注推移
A1: 受注マンパワー推移2026
C2: 12月 | E2: 1月 | G2: 2月 | I2: 3月 | K2: 4月 | M2: 5月 | O2: 6月 | Q2: 7月 | S2: 8月 | U2: 9月 | W2: 10月 | Y2: 11月 | AA2: 12月
A3: 適正人数 | C3: 16 | E3: 16 | G3: 16 | I3: 16 | K3: 18 | M3: 18 | O3: 18 | Q3: 18 | S3: 18 | U3: 18 | W3: 20 | Y3: 20 | AA3: 20
A4: 受注担当 | C4: =C36 -> 16 | E4: =E36 -> 16 | G4: =G36 -> 16 | I4: =I36 -> 15 | K4: =K36 -> 15 | M4: =M36 -> 15 | O4: =O36 -> 16 | Q4: =Q36 -> 17 | S4: =S36 -> 17 | U4: =U36 -> 17 | W4: =W36 -> 19 | Y4: =Y36 -> 19 | AA4: =AA36 -> 21
A5: 差異 | C5: =C3-C4 -> 0 | E5: =E4-E3 -> 0 | G5: =G4-G3 -> 0 | I5: =I4-I3 -> -1 | K5: =K4-K3 -> -3 | M5: =M4-M3 -> -3 | O5: =O4-O3 -> -2 | Q5: =Q4-Q3 -> -1 | S5: =S4-S3 -> -1 | U5: =U4-U3 -> -1 | W5: =W4-W3 -> -1 | Y5: =Y4-Y3 -> -1 | AA5: =AA4-AA3 -> 1
A6: 労働時間 | C6: =D36 -> 2940 | E6: =F36 -> 2940 | G6: =H36 -> 2940 | I6: =J36 -> 2705 | K6: =L36 -> 2705 | M6: =N36 -> 2705 | O6: =P36 -> 2905 | Q6: =R36 -> 3105 | S6: =T36 -> 3105 | U6: =V36 -> 3105 | W6: =X36 -> 3470 | Y6: =Z36 -> 3470 | AA6: =AB36 -> 3870
A8: 受注候補 | C8: =C47 -> 1 | E8: =E47 -> 4 | G8: =G47 -> 5 | I8: =I47 -> 4 | K8: =K47 -> 6 | M8: =M47 -> 6 | O8: =O47 -> 5 | Q8: =Q47 -> 4 | S8: =S47 -> 4 | U8: =U47 -> 4 | W8: =W47 -> 2 | Y8: =Y47 -> 2 | AA8: =AA47 -> 0
I9: 受注人数不足
C10: 受注担当内訳
C11: 12月 | E11: 1月 | G11: 2月 | I11: 3月 | K11: 4月 | M11: 5月 | O11: 6月 | Q11: 7月 | S11: 8月 | U11: 9月 | W11: 10月 | Y11: 11月 | AA11: 12月
C12: 山田 | D12: 200 | E12: 山田 | F12: 200 | G12: 山田 | H12: 200 | I12: 山田 | J12: 200 | K12: 山田 | L12: 200 | M12: 山田 | N12: 200 | O12: 山田 | P12: 200 | Q12: 山田 | R12: 200 | S12: 山田 | T12: 200 | U12: 山田 | V12: 200 | W12: 山田 | X12: 200 | Y12: 山田 | Z12: 200 | AA12: 山田 | AB12: 200
C13: 嶋津 | D13: 200 | E13: 嶋津 | F13: 200 | G13: 嶋津 | H13: 200 | I13: 嶋津 | J13: 200 | K13: 嶋津 | L13: 200 | M13: 嶋津 | N13: 200 | O13: 嶋津 | P13: 200 | Q13: 嶋津 | R13: 200 | S13: 嶋津 | T13: 200 | U13: 嶋津 | V13: 200 | W13: 嶋津 | X13: 200 | Y13: 嶋津 | Z13: 200 | AA13: 嶋津 | AB13: 200
C14: 五十嵐 | D14: 200 | E14: 五十嵐 | F14: 200 | G14: 五十嵐 | H14: 200 | I14: 五十嵐 | J14: 200 | K14: 五十嵐 | L14: 200 | M14: 五十嵐 | N14: 200 | O14: 五十嵐 | P14: 200 | Q14: 五十嵐 | R14: 200 | S14: 五十嵐 | T14: 200 | U14: 五十嵐 | V14: 200 | W14: 五十嵐 | X14: 200 | Y14: 五十嵐 | Z14: 200 | AA14: 五十嵐 | AB14: 200
C15: 伊藤 | D15: 200 | E15: 伊藤 | F15: 200 | G15: 伊藤 | H15: 200
C16: 渡邉 | D16: 200 | E16: 渡邉 | F16: 200 | G16: 渡邉 | H16: 200 | I16: 渡邉 | J16: 200 | K16: 渡邉 | L16: 200 | M16: 渡邉 | N16: 200 | O16: 渡邉 | P16: 200 | Q16: 渡邉 | R16: 200 | S16: 渡邉 | T16: 200 | U16: 渡邉 | V16: 200 | W16: 渡邉 | X16: 200 | Y16: 渡邉 | Z16: 200 | AA16: 渡邉 | AB16: 200
C17: 梅澤 | D17: 200 | E17: 梅澤 | F17: 200 | G17: 梅澤 | H17: 200 | I17: 梅澤 | J17: 200 | K17: 梅澤 | L17: 200 | M17: 梅澤 | N17: 200 | O17: 梅澤 | P17: 200 | Q17: 梅澤 | R17: 200 | S17: 梅澤 | T17: 200 | U17: 梅澤 | V17: 200 | W17: 梅澤 | X17: 200 | Y17: 梅澤 | Z17: 200 | AA17: 梅澤 | AB17: 200
C18: 鵜飼 | D18: 200 | E18: 鵜飼 | F18: 200 | G18: 鵜飼 | H18: 200
C19: 齋藤 | D19: 200 | E19: 齋藤 | F19: 200 | G19: 齋藤 | H19: 200 | I19: 齋藤 | J19: 200 | K19: 齋藤 | L19: 200 | M19: 齋藤 | N19: 200 | O19: 齋藤 | P19: 200 | Q19: 齋藤 | R19: 200 | S19: 齋藤 | T19: 200 | U19: 齋藤 | V19: 200 | W19: 齋藤 | X19: 200 | Y19: 齋藤 | Z19: 200 | AA19: 齋藤 | AB19: 200
C20: 藤田 | D20: 130 | E20: 藤田 | F20: 130 | G20: 藤田 | H20: 130 | I20: 藤田 | J20: 130 | K20: 藤田 | L20: 130 | M20: 藤田 | N20: 130 | O20: 藤田 | P20: 130 | Q20: 藤田 | R20: 130 | S20: 藤田 | T20: 130 | U20: 藤田 | V20: 130 | W20: 藤田 | X20: 130 | Y20: 藤田 | Z20: 130 | AA20: 藤田 | AB20: 130
C21: 馬場 | D21: 200 | E21: 馬場 | F21: 200 | G21: 馬場 | H21: 200 | I21: 馬場 | J21: 200 | K21: 馬場 | L21: 200 | M21: 馬場 | N21: 200 | O21: 馬場 | P21: 200 | Q21: 馬場 | R21: 200 | S21: 馬場 | T21: 200 | U21: 馬場 | V21: 200 | W21: 馬場 | X21: 200 | Y21: 馬場 | Z21: 200 | AA21: 馬場 | AB21: 200
C22: 角田 | D22: 200 | E22: 角田 | F22: 200 | G22: 角田 | H22: 200 | I22: 角田 | J22: 200 | K22: 角田 | L22: 200 | M22: 角田 | N22: 200 | O22: 角田 | P22: 200 | Q22: 角田 | R22: 200 | S22: 角田 | T22: 200 | U22: 角田 | V22: 200 | W22: 角田 | X22: 200 | Y22: 角田 | Z22: 200 | AA22: 角田 | AB22: 200
C23: 山崎 | D23: 200 | E23: 山崎 | F23: 200 | G23: 山崎 | H23: 200 | I23: 山崎 | J23: 200 | K23: 山崎 | L23: 200 | M23: 山崎 | N23: 200 | O23: 山崎 | P23: 200 | Q23: 山崎 | R23: 200 | S23: 山崎 | T23: 200 | U23: 山崎 | V23: 200 | W23: 山崎 | X23: 200 | Y23: 山崎 | Z23: 200 | AA23: 山崎 | AB23: 200
C24: 森谷 | D24: 200 | E24: 森谷 | F24: 200 | G24: 森谷 | H24: 200 | I24: 森谷 | J24: 200 | K24: 森谷 | L24: 200 | M24: 森谷 | N24: 200 | O24: 森谷 | P24: 200 | Q24: 森谷 | R24: 200 | S24: 森谷 | T24: 200 | U24: 森谷 | V24: 200 | W24: 森谷 | X24: 200 | Y24: 森谷 | Z24: 200 | AA24: 森谷 | AB24: 200
C25: 新井 | D25: 100 | E25: 新井 | F25: 100 | G25: 新井 | H25: 100 | I25: 新井 | J25: 100 | K25: 新井 | L25: 100 | M25: 新井 | N25: 100 | O25: 新井 | P25: 100 | Q25: 新井 | R25: 100 | S25: 新井 | T25: 100 | U25: 新井 | V25: 100 | W25: 新井 | X25: 100 | Y25: 新井 | Z25: 100 | AA25: 新井 | AB25: 100
C26: 花井 | D26: 200 | E26: 花井 | F26: 200 | G26: 花井 | H26: 200 | I26: 花井 | J26: 200 | K26: 花井 | L26: 200 | M26: 花井 | N26: 200 | O26: 花井 | P26: 200 | Q26: 花井 | R26: 200 | S26: 花井 | T26: 200 | U26: 花井 | V26: 200 | W26: 花井 | X26: 200 | Y26: 花井 | Z26: 200 | AA26: 花井 | AB26: 200
C27: 杉原 | D27: 110 | E27: 杉原 | F27: 110 | G27: 杉原 | H27: 110 | I27: 杉原 | J27: 110 | K27: 杉原 | L27: 110 | M27: 杉原 | N27: 110 | O27: 杉原 | P27: 110 | Q27: 杉原 | R27: 110 | S27: 杉原 | T27: 110 | U27: 杉原 | V27: 110 | W27: 杉原 | X27: 110 | Y27: 杉原 | Z27: 110 | AA27: 杉原 | AB27: 110
I28: 加藤 | J28: 165 | K28: 加藤 | L28: 165 | M28: 加藤 | N28: 165 | O28: 加藤 | P28: 165 | Q28: 加藤 | R28: 165 | S28: 加藤 | T28: 165 | U28: 加藤 | V28: 165 | W28: 加藤 | X28: 165 | Y28: 加藤 | Z28: 165 | AA28: 加藤 | AB28: 165
O29: 鎌田 | P29: 200 | Q29: 鎌田 | R29: 200 | S29: 鎌田 | T29: 200 | U29: 鎌田 | V29: 200 | W29: 鎌田 | X29: 200 | Y29: 鎌田 | Z29: 200 | AA29: 鎌田 | AB29: 200
Q30: 上村 | R30: 200 | S30: 上村 | T30: 200 | U30: 上村 | V30: 200 | W30: 上村 | X30: 200 | Y30: 上村 | Z30: 200 | AA30: 上村 | AB30: 200
W31: 登坂 | X31: 200 | Y31: 登坂 | Z31: 200 | AA31: 登坂 | AB31: 200
W32: 市川 | X32: 165 | Y32: 市川 | Z32: 165 | AA32: 市川 | AB32: 165
AA33: 太田 | AB33: 200
AA34: 西原 | AB34: 200
C36: =COUNTA(C12:C35) -> 16 | D36: =SUM(D12:D35) -> 2940 | E36: =COUNTA(E12:E35) -> 16 | F36: =SUM(F12:F35) -> 2940 | G36: =COUNTA(G12:G35) -> 16 | H36: =SUM(H12:H35) -> 2940 | I36: =COUNTA(I12:I35) -> 15 | J36: =SUM(J12:J35) -> 2705 | K36: =COUNTA(K12:K35) -> 15 | L36: =SUM(L12:L35) -> 2705 | M36: =COUNTA(M12:M35) -> 15 | N36: =SUM(N12:N35) -> 2705 | O36: =COUNTA(O12:O35) -> 16 | P36: =SUM(P12:P35) -> 2905 | Q36: =COUNTA(Q12:Q35) -> 17 | R36: =SUM(R12:R35) -> 3105 | S36: =COUNTA(S12:S35) -> 17 | T36: =SUM(T12:T35) -> 3105 | U36: =COUNTA(U12:U35) -> 17 | V36: =SUM(V12:V35) -> 3105 | W36: =COUNTA(W12:W35) -> 19 | X36: =SUM(X12:X35) -> 3470 | Y36: =COUNTA(Y12:Y35) -> 19 | Z36: =SUM(Z12:Z35) -> 3470 | AA36: =COUNTA(AA12:AA35) -> 21 | AB36: =SUM(AB12:AB35) -> 3870
C38: 受注候補内訳
C39: 12月 | E39: 1月 | G39: 2月 | I39: 3月 | K39: 4月 | M39: 5月 | O39: 6月 | Q39: 7月 | S39: 8月 | U39: 9月 | W39: 10月 | Y39: 11月 | AA39: 12月
C40: 上村 | D40: 200 | E40: 加藤 | F40: 165 | G40: 加藤 | H40: 165 | I40: 鎌田 | J40: 200 | K40: 鎌田 | L40: 200 | M40: 鎌田 | N40: 200 | O40: 上村 | P40: 200 | Q40: 登坂 | R40: 200 | S40: 登坂 | T40: 200 | U40: 登坂 | V40: 200 | W40: 太田 | X40: 200 | Y40: 太田 | Z40: 200
E41: 上村 | F41: 200 | G41: 鎌田 | H41: 200 | I41: 上村 | J41: 200 | K41: 上村 | L41: 200 | M41: 上村 | N41: 200 | O41: 登坂 | P41: 200 | Q41: 市川 | R41: 165 | S41: 市川 | T41: 165 | U41: 市川 | V41: 165 | W41: 西原 | X41: 200 | Y41: 西原 | Z41: 200
E42: 登坂 | F42: 200 | G42: 上村 | H42: 200 | I42: 登坂 | J42: 200 | K42: 登坂 | L42: 200 | M42: 登坂 | N42: 200 | O42: 市川 | P42: 165 | Q42: 太田 | R42: 200 | S42: 太田 | T42: 200 | U42: 太田 | V42: 200
E43: 市川 | F43: 165 | G43: 登坂 | H43: 165 | I43: 市川 | J43: 165 | K43: 市川 | L43: 165 | M43: 市川 | N43: 165 | O43: 太田 | P43: 200 | Q43: 西原 | R43: 200 | S43: 西原 | T43: 200 | U43: 西原 | V43: 200
G44: 市川 | H44: 200 | K44: 太田 | L44: 200 | M44: 太田 | N44: 200 | O44: 西原 | P44: 200
K45: 西原 | L45: 200 | M45: 西原 | N45: 200
C47: =COUNTA(C40:C46) -> 1 | E47: =COUNTA(E40:E46) -> 4 | G47: =COUNTA(G40:G46) -> 5 | I47: =COUNTA(I40:I46) -> 4 | K47: =COUNTA(K40:K46) -> 6 | M47: =COUNTA(M40:M46) -> 6 | O47: =COUNTA(O40:O46) -> 5 | Q47: =COUNTA(Q40:Q46) -> 4 | S47: =COUNTA(S40:S46) -> 4 | U47: =COUNTA(U40:U46) -> 4 | W47: =COUNTA(W40:W46) -> 2 | Y47: =COUNTA(Y40:Y46) -> 2 | AA47: =COUNTA(AA40:AA46) -> 0
U49: 総合職→200ｈ 一般職→165h 時短→ 130ｈ
A51: 顧客管理マンパワー推移2026
C52: 12月 | E52: 1月 | G52: 2月 | I52: 3月 | K52: 4月 | M52: 5月 | O52: 6月 | Q52: 7月 | S52: 8月 | U52: 9月 | W52: 10月 | Y52: 11月 | AA52: 12月
A53: 適正人数 | C53: 23 | E53: 23 | G53: 23 | I53: 23 | K53: 24 | M53: 24 | O53: 25 | Q53: 25 | S53: 26 | U53: 26 | W53: 28 | Y53: 28 | AA53: 28
A54: 管理担当 | C54: =C92 -> 14 | E54: =E92 -> 18 | G54: =G92 -> 19 | I54: =I92 -> 19 | K54: =K92 -> 30 | M54: =M92 -> 30 | O54: =O92 -> 30 | Q54: =Q92 -> 29 | S54: =S92 -> 29 | U54: =U92 -> 29 | W54: =W92 -> 29 | Y54: =Y92 -> 27 | AA54: =AA92 -> 25
A55: 差異 | C55: =C54-C53 -> -9 | E55: =E54-E53 -> -5 | G55: =G54-G53 -> -4 | I55: =I54-I53 -> -4 | K55: =K54-K53 -> 6 | M55: =M54-M53 -> 6 | O55: =O54-O53 -> 5 | Q55: =Q54-Q53 -> 4 | S55: =S54-S53 -> 3 | U55: =U54-U53 -> 3 | W55: =W54-W53 -> 1 | Y55: =Y54-Y53 -> -1 | AA55: =AA54-AA53 -> -3
A56: 労働時間 | C56: =D92 -> 2665 | E56: =F92 -> 3395 | G56: =H92 -> 3595 | I56: =J92 -> 3595 | K56: =L92 -> 4810 | M56: =N92 -> 4810 | O56: =P92 -> 5310 | Q56: =R92 -> 5110 | S56: =T92 -> 5110 | U56: =V92 -> 5110 | W56: =X92 -> 4925 | Y56: =Z92 -> 4745 | AA56: =AB92 -> 4345
C57: 管理人数不足 | K57: 熟練度低
C58: 受注担当内訳
C59: 12月 | E59: 1月 | G59: 2月 | I59: 3月 | K59: 4月 | M59: 5月 | O59: 6月 | Q59: 7月 | S59: 8月 | U59: 9月 | W59: 10月 | Y59: 11月 | AA59: 12月
C60: 渡部 | D60: 200 | E60: 渡部 | F60: 200 | G60: 渡部 | H60: 200 | I60: 渡部 | J60: 200 | K60: 渡部 | L60: 200 | M60: 渡部 | N60: 200 | O60: 渡部 | P60: 200 | Q60: 渡部 | R60: 200 | S60: 渡部 | T60: 200 | U60: 渡部 | V60: 200 | W60: 渡部 | X60: 200 | Y60: 渡部 | Z60: 200 | AA60: 渡部 | AB60: 200
C61: 小泉 | D61: 200 | E61: 小泉 | F61: 200 | G61: 小泉 | H61: 200 | I61: 小泉 | J61: 200 | K61: 小泉 | L61: 200 | M61: 小泉 | N61: 200 | O61: 小泉 | P61: 200 | Q61: 小泉 | R61: 200 | S61: 小泉 | T61: 200 | U61: 小泉 | V61: 200 | W61: 小泉 | X61: 200 | Y61: 小泉 | Z61: 200 | AA61: 小泉 | AB61: 200
C62: 宮川 | D62: 165 | E62: 宮川 | F62: 165 | G62: 宮川 | H62: 165 | I62: 宮川 | J62: 165 | K62: 宮川 | L62: 165 | M62: 宮川 | N62: 165 | O62: 宮川 | P62: 165 | Q62: 宮川 | R62: 165 | S62: 宮川 | T62: 165 | U62: 宮川 | V62: 165 | W62: 宮川 | X62: 165 | Y62: 宮川 | Z62: 165 | AA62: 宮川 | AB62: 165 | AD62: 12月 | AF62: 1月 | AH62: 2月 | AJ62: 3月 | AL62: 4月 | AN62: 5月 | AP62: 6月 | AR62: 7月 | AT62: 8月 | AV62: 9月 | AX62: 10月 | AZ62: 11月 | BB62: 12月
C63: 小川 | D63: 165 | E63: 小川 | F63: 165 | G63: 小川 | H63: 165 | I63: 小川 | J63: 165 | K63: 小川 | L63: 165 | M63: 小川 | N63: 165 | O63: 小川 | P63: 165 | Q63: 小川 | R63: 165 | S63: 小川 | T63: 165 | U63: 小川 | V63: 165 | W63: 小川 | X63: 165 | Y63: 小川 | Z63: 165 | AA63: 小川 | AB63: 165 | AD63: 渡部 | AE63: 200 | AF63: 渡部 | AG63: 200 | AH63: 渡部 | AI63: 200 | AJ63: 渡部 | AK63: 200 | AL63: 渡部 | AM63: 200 | AN63: 渡部 | AO63: 200 | AP63: 渡部 | AQ63: 200 | AR63: 渡部 | AS63: 200 | AT63: 渡部 | AU63: 200 | AV63: 渡部 | AW63: 200 | AX63: 渡部 | AY63: 200 | AZ63: 渡部 | BA63: 200 | BB63: 渡部 | BC63: 200
C64: 八木 | D64: 135 | E64: 八木 | F64: 135 | G64: 八木 | H64: 135 | I64: 八木 | J64: 135 | K64: 八木 | L64: 135 | M64: 八木 | N64: 135 | O64: 八木 | P64: 135 | Q64: 八木 | R64: 135 | S64: 八木 | T64: 135 | U64: 八木 | V64: 135 | W64: 八木 | X64: 135 | Y64: 八木 | Z64: 135 | AA64: 八木 | AB64: 135 | AD64: 小泉 | AE64: 200 | AF64: 小泉 | AG64: 200 | AH64: 小泉 | AI64: 200 | AJ64: 小泉 | AK64: 200 | AL64: 小泉 | AM64: 200 | AN64: 小泉 | AO64: 200 | AP64: 小泉 | AQ64: 200 | AR64: 小泉 | AS64: 200 | AT64: 小泉 | AU64: 200 | AV64: 小泉 | AW64: 200 | AX64: 小泉 | AY64: 200 | AZ64: 小泉 | BA64: 200 | BB64: 小泉 | BC64: 200
C65: 安井 | D65: 200 | E65: 安井 | F65: 200 | G65: 安井 | H65: 200 | I65: 安井 | J65: 200 | K65: 安井 | L65: 200 | M65: 安井 | N65: 200 | O65: 安井 | P65: 200 | Q65: 安井 | R65: 200 | S65: 安井 | T65: 200 | U65: 安井 | V65: 200 | W65: 安井 | X65: 200 | Y65: 安井 | Z65: 200 | AA65: 安井 | AB65: 200 | AD65: 宮川 | AE65: 165 | AF65: 宮川 | AG65: 165 | AH65: 宮川 | AI65: 165 | AJ65: 宮川 | AK65: 165 | AL65: 宮川 | AM65: 165 | AN65: 宮川 | AO65: 165 | AP65: 宮川 | AQ65: 165 | AR65: 宮川 | AS65: 165 | AT65: 宮川 | AU65: 165 | AV65: 宮川 | AW65: 165 | AX65: 宮川 | AY65: 165 | AZ65: 宮川 | BA65: 165 | BB65: 宮川 | BC65: 165
C66: 菅家 | D66: 200 | E66: 菅家 | F66: 200 | G66: 菅家 | H66: 200 | I66: 菅家 | J66: 200 | K66: 菅家 | L66: 200 | M66: 菅家 | N66: 200 | O66: 菅家 | P66: 200 | Q66: 菅家 | R66: 200 | S66: 菅家 | T66: 200 | U66: 菅家 | V66: 200 | W66: 菅家 | X66: 200 | Y66: 菅家 | Z66: 200 | AA66: 菅家 | AB66: 200 | AD66: 小川 | AE66: 165 | AF66: 小川 | AG66: 165 | AH66: 小川 | AI66: 165 | AJ66: 小川 | AK66: 165 | AL66: 小川 | AM66: 165 | AN66: 小川 | AO66: 165 | AP66: 小川 | AQ66: 165 | AR66: 小川 | AS66: 165 | AT66: 小川 | AU66: 165 | AV66: 小川 | AW66: 165 | AX66: 小川 | AY66: 165 | AZ66: 小川 | BA66: 165 | BB66: 小川 | BC66: 165
C67: 久田 | D67: 200 | E67: 久田 | F67: 200 | G67: 久田 | H67: 200 | I67: 久田 | J67: 200 | K67: 久田 | L67: 200 | M67: 久田 | N67: 200 | O67: 久田 | P67: 200 | Q67: 久田 | R67: 200 | S67: 久田 | T67: 200 | U67: 久田 | V67: 200 | W67: 久田 | X67: 200 | Y67: 久田 | Z67: 200 | AA67: 久田 | AB67: 200 | AD67: 八木 | AE67: 135 | AF67: 八木 | AG67: 135 | AH67: 八木 | AI67: 135 | AJ67: 八木 | AK67: 135 | AL67: 八木 | AM67: 135 | AN67: 八木 | AO67: 135 | AP67: 八木 | AQ67: 135 | AR67: 八木 | AS67: 135 | AT67: 八木 | AU67: 135 | AV67: 八木 | AW67: 135 | AX67: 八木 | AY67: 135 | AZ67: 八木 | BA67: 135 | BB67: 八木 | BC67: 135
C68: 田中 | D68: 200 | E68: 田中 | F68: 200 | G68: 田中 | H68: 200 | I68: 田中 | J68: 200 | K68: 田中 | L68: 200 | M68: 田中 | N68: 200 | O68: 田中 | P68: 200 | Q68: 田中 | R68: 200 | S68: 田中 | T68: 200 | U68: 田中 | V68: 200 | W68: 田中 | X68: 200 | Y68: 田中 | Z68: 200 | AA68: 田中 | AB68: 200 | AD68: 安井 | AE68: 200 | AF68: 安井 | AG68: 200 | AH68: 安井 | AI68: 200 | AJ68: 安井 | AK68: 200 | AL68: 安井 | AM68: 200 | AN68: 安井 | AO68: 200 | AP68: 安井 | AQ68: 200 | AR68: 安井 | AS68: 200 | AT68: 安井 | AU68: 200 | AV68: 安井 | AW68: 200 | AX68: 安井 | AY68: 200 | AZ68: 安井 | BA68: 200 | BB68: 安井 | BC68: 200
C69: 栗田 | D69: 200 | E69: 栗田 | F69: 200 | G69: 栗田 | H69: 200 | I69: 栗田 | J69: 200 | K69: 栗田 | L69: 200 | M69: 栗田 | N69: 200 | O69: 栗田 | P69: 200 | Q69: 栗田 | R69: 200 | S69: 栗田 | T69: 200 | U69: 栗田 | V69: 200 | W69: 栗田 | X69: 200 | Y69: 栗田 | Z69: 200 | AA69: 栗田 | AB69: 200
C70: 上田 | D70: 200 | E70: 上田 | F70: 200 | G70: 上田 | H70: 200 | I70: 上田 | J70: 200 | K70: 上田 | L70: 200 | M70: 上田 | N70: 200 | O70: 上田 | P70: 200 | Q70: 上田 | R70: 200 | S70: 上田 | T70: 200 | U70: 上田 | V70: 200 | W70: 上田 | X70: 200 | Y70: 上田 | Z70: 200 | AA70: 上田 | AB70: 200
C71: 宮田 | D71: 200 | E71: 宮田 | F71: 200 | G71: 宮田 | H71: 200 | I71: 宮田 | J71: 200 | K71: 宮田 | L71: 200 | M71: 宮田 | N71: 200 | O71: 宮田 | P71: 200 | Q71: 宮田 | R71: 200 | S71: 宮田 | T71: 200 | U71: 宮田 | V71: 200 | W71: 宮田 | X71: 200 | Y71: 宮田 | Z71: 200 | AA71: 宮田 | AB71: 200
C72: 根本 | D72: 200 | E72: 根本 | F72: 200 | G72: 根本 | H72: 200 | I72: 根本 | J72: 200 | K72: 根本 | L72: 200 | M72: 根本 | N72: 200 | O72: 根本 | P72: 200 | Q72: 根本 | R72: 200 | S72: 根本 | T72: 200 | U72: 根本 | V72: 200 | W72: 根本 | X72: 200 | Y72: 根本 | Z72: 200 | AA72: 根本 | AB72: 200
C73: 岡部 | D73: 200 | E73: 岡部 | F73: 200 | G73: 岡部 | H73: 200 | I73: 岡部 | J73: 200 | K73: 岡部 | L73: 200 | M73: 岡部 | N73: 200 | O73: 岡部 | P73: 200 | Q73: 岡部 | R73: 200 | S73: 岡部 | T73: 200 | U73: 岡部 | V73: 200 | W73: 岡部 | X73: 200 | Y73: 岡部 | Z73: 200 | AA73: 岡部 | AB73: 200
E74: 藤倉 | F74: 200 | G74: 藤倉 | H74: 200 | I74: 藤倉 | J74: 200 | K74: 藤倉 | L74: 200 | M74: 藤倉 | N74: 200 | O74: 藤倉 | P74: 200 | Q74: 藤倉 | R74: 200 | S74: 藤倉 | T74: 200 | U74: 藤倉 | V74: 200 | W74: 藤倉 | X74: 200 | Y74: 藤倉 | Z74: 200 | AA74: 藤倉 | AB74: 200
E75: 市川 | F75: 165 | G75: 市川 | H75: 165 | I75: 市川 | J75: 165 | K75: 市川 | L75: 165 | M75: 市川 | N75: 165 | O75: 市川 | P75: 165 | Q75: 市川 | R75: 165 | S75: 市川 | T75: 165 | U75: 市川 | V75: 165 | W75: 市川 | X75: 80
E76: 登坂 | F76: 200 | G76: 登坂 | H76: 200 | I76: 登坂 | J76: 200 | K76: 登坂 | L76: 200 | M76: 登坂 | N76: 200 | O76: 登坂 | P76: 200 | Q76: 登坂 | R76: 200 | S76: 登坂 | T76: 200 | U76: 登坂 | V76: 200 | W76: 登坂 | X76: 100
E77: 加藤 | F77: 165 | G77: 加藤 | H77: 165 | I77: 加藤 | J77: 165
G78: 鎌田 | H78: 200 | I78: 鎌田 | J78: 200 | K78: 鎌田 | L78: 200 | M78: 鎌田 | N78: 200 | O78: 鎌田 | P78: 200
K79: 間瀬 | L79: 100 | M79: 間瀬 | N79: 100 | O79: 間瀬 | P79: 200 | Q79: 間瀬 | R79: 200 | S79: 間瀬 | T79: 200 | U79: 間瀬 | V79: 200 | W79: 間瀬 | X79: 200 | Y79: 間瀬 | Z79: 200 | AA79: 間瀬 | AB79: 200
K80: 芹ケ野 | L80: 100 | M80: 芹ケ野 | N80: 100 | O80: 芹ケ野 | P80: 200 | Q80: 芹ケ野 | R80: 200 | S80: 芹ケ野 | T80: 200 | U80: 芹ケ野 | V80: 200 | W80: 芹ケ野 | X80: 200 | Y80: 芹ケ野 | Z80: 200 | AA80: 芹ケ野 | AB80: 200
K81: 守友 | L81: 100 | M81: 守友 | N81: 100 | O81: 守友 | P81: 200 | Q81: 守友 | R81: 200 | S81: 守友 | T81: 200 | U81: 守友 | V81: 200 | W81: 守友 | X81: 200 | Y81: 守友 | Z81: 200 | AA81: 守友 | AB81: 200
K82: 外所 | L82: 100 | M82: 外所 | N82: 100 | O82: 外所 | P82: 200 | Q82: 外所 | R82: 200 | S82: 外所 | T82: 200 | U82: 外所 | V82: 200 | W82: 外所 | X82: 200 | Y82: 外所 | Z82: 200 | AA82: 外所 | AB82: 200
K83: 比護 | L83: 100 | M83: 比護 | N83: 100 | O83: 比護 | P83: 200 | Q83: 比護 | R83: 200 | S83: 比護 | T83: 200 | U83: 比護 | V83: 200 | W83: 比護 | X83: 200 | Y83: 比護 | Z83: 200 | AA83: 比護 | AB83: 200
K84: 築地原 | L84: 100 | M84: 築地原 | N84: 100 | O84: 築地原 | P84: 100 | Q84: 築地原 | R84: 100 | S84: 築地原 | T84: 100 | U84: 築地原 | V84: 100 | W84: 築地原 | X84: 100 | Y84: 築地原 | Z84: 100 | AA84: 築地原 | AB84: 100
K85: 山内 | L85: 100 | M85: 山内 | N85: 100 | O85: 山内 | P85: 100 | Q85: 山内 | R85: 100 | S85: 山内 | T85: 100 | U85: 山内 | V85: 100 | W85: 山内 | X85: 100 | Y85: 山内 | Z85: 100 | AA85: 山内 | AB85: 100
K86: 宮内 | L86: 100 | M86: 宮内 | N86: 100 | O86: 宮内 | P86: 100 | Q86: 宮内 | R86: 100 | S86: 宮内 | T86: 100 | U86: 宮内 | V86: 100 | W86: 宮内 | X86: 100 | Y86: 宮内 | Z86: 100 | AA86: 宮内 | AB86: 100
K87: 森山 | L87: 100 | M87: 森山 | N87: 100 | O87: 森山 | P87: 100 | Q87: 森山 | R87: 100 | S87: 森山 | T87: 100 | U87: 森山 | V87: 100 | W87: 森山 | X87: 100 | Y87: 森山 | Z87: 100 | AA87: 森山 | AB87: 100
K88: 太田 | L88: 200 | M88: 太田 | N88: 200 | O88: 太田 | P88: 200 | Q88: 太田 | R88: 200 | S88: 太田 | T88: 200 | U88: 太田 | V88: 200 | W88: 太田 | X88: 200 | Y88: 太田 | Z88: 200
K89: 西原 | L89: 200 | M89: 西原 | N89: 200 | O89: 西原 | P89: 200 | Q89: 西原 | R89: 200 | S89: 西原 | T89: 200 | U89: 西原 | V89: 200 | W89: 西原 | X89: 200 | Y89: 西原 | Z89: 200
K90: 長谷川 | L90: 80 | M90: 長谷川 | N90: 80 | O90: 長谷川 | P90: 80 | Q90: 長谷川 | R90: 80 | S90: 長谷川 | T90: 80 | U90: 長谷川 | V90: 80 | W90: 長谷川 | X90: 80 | Y90: 長谷川 | Z90: 80 | AA90: 長谷川 | AB90: 80
C92: =COUNTA(C60:C91) -> 14 | D92: =SUM(D60:D91) -> 2665 | E92: =COUNTA(E60:E91) -> 18 | F92: =SUM(F60:F91) -> 3395 | G92: =COUNTA(G60:G91) -> 19 | H92: =SUM(H60:H91) -> 3595 | I92: =COUNTA(I60:I91) -> 19 | J92: =SUM(J60:J91) -> 3595 | K92: =COUNTA(K60:K91) -> 30 | L92: =SUM(L60:L91) -> 4810 | M92: =COUNTA(M60:M91) -> 30 | N92: =SUM(N60:N91) -> 4810 | O92: =COUNTA(O60:O91) -> 30 | P92: =SUM(P60:P91) -> 5310 | Q92: =COUNTA(Q60:Q91) -> 29 | R92: =SUM(R60:R91) -> 5110 | S92: =COUNTA(S60:S91) -> 29 | T92: =SUM(T60:T91) -> 5110 | U92: =COUNTA(U60:U91) -> 29 | V92: =SUM(V60:V91) -> 5110 | W92: =COUNTA(W60:W91) -> 29 | X92: =SUM(X60:X91) -> 4925 | Y92: =COUNTA(Y60:Y91) -> 27 | Z92: =SUM(Z60:Z91) -> 4745 | AA92: =COUNTA(AA60:AA91) -> 25 | AB92: =SUM(AB60:AB91) -> 4345

Sheet 相続以外
A1: マンパワー推移2026
A2: 経理 | C2: 12月 | F2: 1月 | I2: 2月 | L2: 3月 | O2: 4月 | R2: 5月 | U2: 6月 | X2: 7月 | AA2: 8月 | AD2: 9月 | AG2: 10月 | AJ2: 11月 | AM2: 12月
A3: 適正人数 | C3: 4 | F3: 4 | I3: 4 | L3: 4 | O3: 4 | R3: 4 | U3: 4 | X3: 4 | AA3: 4 | AD3: 4 | AG3: 4 | AJ3: 4 | AM3: 4
A4: 社員数 | C4: =C17 -> 4 | F4: =F17 -> 3 | I4: =I17 -> 3 | L4: =L17 -> 5 | O4: =O17 -> 4 | R4: =R17 -> 4 | U4: =U17 -> 3 | X4: =X17 -> 3 | AA4: =AA17 -> 3 | AD4: =AD17 -> 3 | AG4: =AG17 -> 3 | AJ4: =AJ17 -> 1 | AM4: =AM17 -> 1
A5: 差異 | C5: =C3-C4 -> 0 | F5: =F4-F3 -> -1 | I5: =I4-I3 -> -1 | L5: =L4-L3 -> 1 | O5: =O4-O3 -> 0 | R5: =R4-R3 -> 0 | U5: =U4-U3 -> -1 | X5: =X4-X3 -> -1 | AA5: =AA4-AA3 -> -1 | AD5: =AD4-AD3 -> -1 | AG5: =AG4-AG3 -> -1 | AJ5: =AJ4-AJ3 -> -3 | AM5: =AM4-AM3 -> -3
A6: 労働時間 | C6: =E17 -> 590 | F6: =H17 -> 460 | I6: =K17 -> 460 | L6: =N17 -> 755 | O6: =Q17 -> 625 | R6: =T17 -> 625 | U6: =W17 -> 495 | X6: =Z17 -> 495 | AA6: =AC17 -> 495 | AD6: =AF17 -> 495 | AG6: =AI17 -> 495 | AJ6: =AL17 -> 165 | AM6: =AO17 -> 165
A8: スタッフ | C8: =C27 -> 6 | F8: =F27 -> 5 | I8: =I27 -> 5 | L8: =L27 -> 4 | O8: =O27 -> 4 | R8: =R27 -> 3 | U8: =U27 -> 3 | X8: =X27 -> 3 | AA8: =AA27 -> 3 | AD8: =AD27 -> 3 | AG8: =AG27 -> 3 | AJ8: =AJ27 -> 3 | AM8: =AM27 -> 3
C10: 社員内訳 | AD10: 総合職→200ｈ 一般職→165h 時短→ 130ｈ
C11: 12月 | F11: 1月 | I11: 2月 | L11: 3月 | O11: 4月 | R11: 5月 | U11: 6月 | X11: 7月 | AA11: 8月 | AD11: 9月 | AG11: 10月 | AJ11: 11月 | AM11: 12月
C12: 寺川 | E12: 130 | F12: 寺川 | H12: 130 | I12: 寺川 | K12: 130 | L12: 寺川 | N12: 130 | O12: 後藤 | Q12: 165 | R12: 後藤 | T12: 165 | U12: 後藤 | W12: 165 | X12: 後藤 | Z12: 165 | AA12: 後藤 | AC12: 165 | AD12: 後藤 | AF12: 165 | AG12: 後藤 | AI12: 165 | AJ12: 後藤 | AL12: 165 | AM12: 後藤 | AO12: 165
C13: 後藤 | E13: 165 | F13: 後藤 | H13: 165 | I13: 後藤 | K13: 165 | L13: 後藤 | N13: 165 | O13: 本間 | Q13: 130 | R13: 本間 | T13: 130 | U13: 派遣 | W13: 165 | X13: 派遣 | Z13: 165 | AA13: 派遣 | AC13: 165 | AD13: 派遣 | AF13: 165 | AG13: 派遣 | AI13: 165
C14: 本間 | E14: 165 | F14: 派遣 | H14: 165 | I14: 派遣 | K14: 165 | L14: 派遣 | N14: 165 | O14: 派遣 | Q14: 165 | R14: 派遣 | T14: 165 | U14: 派遣 | W14: 165 | X14: 派遣 | Z14: 165 | AA14: 派遣 | AC14: 165 | AD14: 派遣 | AF14: 165 | AG14: 派遣 | AI14: 165
C15: 石原 | E15: 130 | L15: 派遣 | N15: 165 | O15: 派遣 | Q15: 165 | R15: 派遣 | T15: 165
L16: 本間 | N16: 130
C17: =COUNTA(C12:C15) -> 4 | E17: =SUM(E12:E15) -> 590 | F17: =COUNTA(F12:F15) -> 3 | H17: =SUM(H12:H15) -> 460 | I17: =COUNTA(I12:I15) -> 3 | K17: =SUM(K12:K15) -> 460 | L17: =COUNTA(L12:L16) -> 5 | N17: =SUM(N12:N16) -> 755 | O17: =COUNTA(O12:O15) -> 4 | Q17: =SUM(Q12:Q15) -> 625 | R17: =COUNTA(R12:R15) -> 4 | T17: =SUM(T12:T15) -> 625 | U17: =COUNTA(U12:U15) -> 3 | W17: =SUM(W12:W15) -> 495 | X17: =COUNTA(X12:X15) -> 3 | Z17: =SUM(Z12:Z15) -> 495 | AA17: =COUNTA(AA12:AA15) -> 3 | AC17: =SUM(AC12:AC15) -> 495 | AD17: =COUNTA(AD12:AD15) -> 3 | AF17: =SUM(AF12:AF15) -> 495 | AG17: =COUNTA(AG12:AG15) -> 3 | AI17: =SUM(AI12:AI15) -> 495 | AJ17: =COUNTA(AJ12:AJ15) -> 1 | AL17: =SUM(AL12:AL15) -> 165 | AM17: =COUNTA(AM12:AM15) -> 1 | AO17: =SUM(AO12:AO15) -> 165
C19: スタッフ内訳
C20: 12月 | F20: 1月 | I20: 2月 | L20: 3月 | O20: 4月 | R20: 5月 | U20: 6月 | X20: 7月 | AA20: 8月 | AD20: 9月 | AG20: 10月 | AJ20: 11月 | AM20: 12月
C21: 今西 | E21: 70 | F21: 今西 | H21: 70 | I21: 今西 | K21: 70 | L21: 大戸 | N21: 25 | O21: 大戸 | Q21: 25 | R21: 大戸 | T21: 25 | U21: 大戸 | W21: 25 | X21: 大戸 | Z21: 25 | AA21: 大戸 | AC21: 25 | AD21: 大戸 | AF21: 25 | AG21: 大戸 | AI21: 25 | AJ21: 大戸 | AL21: 25 | AM21: 大戸 | AO21: 25
C22: 山本 | E22: 70 | F22: 大戸 | H22: 25 | I22: 大戸 | K22: 25 | L22: 濱里 | N22: 70 | O22: 濱里 | Q22: 70 | R22: 濱里 | T22: 70 | U22: 濱里 | W22: 70 | X22: 濱里 | Z22: 70 | AA22: 濱里 | AC22: 70 | AD22: 濱里 | AF22: 70 | AG22: 濱里 | AI22: 70 | AJ22: 濱里 | AL22: 70 | AM22: 濱里 | AO22: 70
C23: 大戸 | E23: 25 | F23: 三木 | H23: 70 | I23: 濱里 | K23: 70 | L23: 並木 | N23: 70 | O23: 並木 | Q23: 70 | R23: 並木 | T23: 70 | U23: 並木 | W23: 70 | X23: 並木 | Z23: 70 | AA23: 並木 | AC23: 70 | AD23: 並木 | AF23: 70 | AG23: 並木 | AI23: 70 | AJ23: 並木 | AL23: 70 | AM23: 並木 | AO23: 70
C24: 三木 | E24: 70 | F24: 濱里 | H24: 70 | I24: 並木 | K24: 70 | L24: 松浦 | N24: 70 | O24: 松浦 | Q24: 70
C25: 濱里 | E25: 70 | F25: 並木 | H25: 70 | I25: 松浦 | K25: 70
C26: 並木 | E26: 70
C27: =COUNTA(C21:C26) -> 6 | E27: =SUM(E21:E26) -> 375 | F27: =COUNTA(F21:F26) -> 5 | H27: =SUM(H21:H26) -> 305 | I27: =COUNTA(I21:I26) -> 5 | K27: =SUM(K21:K26) -> 305 | L27: =COUNTA(L21:L26) -> 4 | N27: =SUM(N21:N26) -> 235 | O27: =COUNTA(O21:O26) -> 4 | Q27: =SUM(Q21:Q26) -> 235 | R27: =COUNTA(R21:R26) -> 3 | T27: =SUM(T21:T26) -> 165 | U27: =COUNTA(U21:U26) -> 3 | W27: =SUM(W21:W26) -> 165 | X27: =COUNTA(X21:X26) -> 3 | Z27: =SUM(Z21:Z26) -> 165 | AA27: =COUNTA(AA21:AA26) -> 3 | AC27: =SUM(AC21:AC26) -> 165 | AD27: =COUNTA(AD21:AD26) -> 3 | AF27: =SUM(AF21:AF26) -> 165 | AG27: =COUNTA(AG21:AG26) -> 3 | AI27: =SUM(AI21:AI26) -> 165 | AJ27: =COUNTA(AJ21:AJ26) -> 3 | AL27: =SUM(AL21:AL26) -> 165 | AM27: =COUNTA(AM21:AM26) -> 3 | AO27: =SUM(AO21:AO26) -> 165
AD29: 総合職→200ｈ 一般職→165h 時短→ 130ｈ
A31: 人事労務 | C31: 12月 | F31: 1月 | I31: 2月 | L31: 3月 | O31: 4月 | R31: 5月 | U31: 6月 | X31: 7月 | AA31: 8月 | AD31: 9月 | AG31: 10月 | AJ31: 11月 | AM31: 12月
A32: 適正人数 | C32: 3 | F32: 3 | I32: 3 | L32: 3 | O32: 3 | R32: 3 | U32: 3 | X32: 3 | AA32: 3 | AD32: 3 | AG32: 3 | AJ32: 3 | AM32: 3
A33: 社員数 | C33: =C43 -> 4 | F33: =F43 -> 2 | I33: =I43 -> 2 | L33: =L43 -> 4 | O33: =O43 -> 3 | R33: =R43 -> 3 | U33: =U43 -> 3 | X33: =X43 -> 3 | AA33: =AA43 -> 3 | AD33: =AD43 -> 3 | AG33: =AG43 -> 3 | AJ33: =AJ43 -> 3 | AM33: =AM43 -> 3
A34: 差異 | C34: =C33-C32 -> 1 | F34: =F33-F32 -> -1 | I34: =I33-I32 -> -1 | L34: =L33-L32 -> 1 | O34: =O33-O32 -> 0 | R34: =R33-R32 -> 0 | U34: =U33-U32 -> 0 | X34: =X33-X32 -> 0 | AA34: =AA33-AA32 -> 0 | AD34: =AD33-AD32 -> 0 | AG34: =AG33-AG32 -> 0 | AJ34: =AJ33-AJ32 -> 0 | AM34: =AM33-AM32 -> 0
A35: 労働時間 | C35: =E43 -> 590 | F35: =H43 -> 260 | I35: =K43 -> 260 | L35: =N43 -> 555 | O35: =Q43 -> 425 | R35: =T43 -> 425 | U35: =W43 -> 425 | X35: =Z43 -> 425 | AA35: =AC43 -> 425 | AD35: =AF43 -> 425 | AG35: =AI43 -> 425 | AJ35: =AL43 -> 425 | AM35: =AO43 -> 425
C37: 社員内訳
C38: 12月 | F38: 1月 | I38: 2月 | L38: 3月 | O38: 4月 | R38: 5月 | U38: 6月 | X38: 7月 | AA38: 8月 | AD38: 9月 | AG38: 10月 | AJ38: 11月 | AM38: 12月
C39: 佐藤 | E39: 130 | F39: 佐藤 | H39: 130 | I39: 佐藤 | K39: 130 | L39: 佐藤 | N39: 130 | O39: 佐藤 | Q39: 130 | R39: 佐藤 | T39: 130 | U39: 佐藤 | W39: 130 | X39: 佐藤 | Z39: 130 | AA39: 佐藤 | AC39: 130 | AD39: 佐藤 | AF39: 130 | AG39: 佐藤 | AI39: 130 | AJ39: 佐藤 | AL39: 130 | AM39: 佐藤 | AO39: 130
C40: 目黒 | E40: 165 | F40: 伊東 | H40: 130 | I40: 伊東 | K40: 130 | L40: 伊東 | N40: 130 | O40: 目黒 | Q40: 130 | R40: 目黒 | T40: 130 | U40: 目黒 | W40: 130 | X40: 目黒 | Z40: 130 | AA40: 目黒 | AC40: 130 | AD40: 目黒 | AF40: 130 | AG40: 目黒 | AI40: 130 | AJ40: 目黒 | AL40: 130 | AM40: 目黒 | AO40: 130
C41: 伊東 | E41: 130 | L41: 目黒 | N41: 130 | O41: 川下 | Q41: 165 | R41: 川下 | T41: 165 | U41: 川下 | W41: 165 | X41: 川下 | Z41: 165 | AA41: 川下 | AC41: 165 | AD41: 川下 | AF41: 165 | AG41: 川下 | AI41: 165 | AJ41: 川下 | AL41: 165 | AM41: 川下 | AO41: 165
C42: 長濱 | E42: 165 | L42: 川下 | N42: 165
C43: =COUNTA(C39:C42) -> 4 | E43: =SUM(E39:E42) -> 590 | F43: =COUNTA(F39:F42) -> 2 | H43: =SUM(H39:H42) -> 260 | I43: =COUNTA(I39:I42) -> 2 | K43: =SUM(K39:K42) -> 260 | L43: =COUNTA(L39:L42) -> 4 | N43: =SUM(N39:N42) -> 555 | O43: =COUNTA(O39:O42) -> 3 | Q43: =SUM(Q39:Q42) -> 425 | R43: =COUNTA(R39:R42) -> 3 | T43: =SUM(T39:T42) -> 425 | U43: =COUNTA(U39:U42) -> 3 | W43: =SUM(W39:W42) -> 425 | X43: =COUNTA(X39:X42) -> 3 | Z43: =SUM(Z39:Z42) -> 425 | AA43: =COUNTA(AA39:AA42) -> 3 | AC43: =SUM(AC39:AC42) -> 425 | AD43: =COUNTA(AD39:AD42) -> 3 | AF43: =SUM(AF39:AF42) -> 425 | AG43: =COUNTA(AG39:AG42) -> 3 | AI43: =SUM(AI39:AI42) -> 425 | AJ43: =COUNTA(AJ39:AJ42) -> 3 | AL43: =SUM(AL39:AL42) -> 425 | AM43: =COUNTA(AM39:AM42) -> 3 | AO43: =SUM(AO39:AO42) -> 425
A45: LP | C45: 12月 | F45: 1月 | I45: 2月 | L45: 3月 | O45: 4月 | R45: 5月 | U45: 6月 | X45: 7月 | AA45: 8月 | AD45: 9月 | AG45: 10月 | AJ45: 11月 | AM45: 12月
A46: 適正人数 | C46: 13 | F46: 13 | I46: 13 | L46: 13 | O46: 15 | R46: 15 | U46: 15
A47: 社員数 | C47: =C72 -> 14 | F47: =F72 -> 14 | I47: =I72 -> 14 | L47: =L72 -> 14 | O47: =O72 -> 15 | R47: =R72 -> 16 | U47: =U72 -> 16 | X47: =X72 -> 15 | AA47: =AA72 -> 15 | AD47: =AD72 -> 15 | AG47: =AG72 -> 15 | AJ47: =AJ72 -> 15 | AM47: =AM72 -> 15
A48: 差異 | C48: =C47-C46 -> 1 | F48: =F47-F46 -> 1 | I48: =I47-I46 -> 1 | L48: =L47-L46 -> 1 | O48: =O47-O46 -> 0 | R48: =R47-R46 -> 1 | U48: =U47-U46 -> 1 | X48: =X47-X46 -> 15 | AA48: =AA47-AA46 -> 15 | AD48: =AD47-AD46 -> 15 | AG48: =AG47-AG46 -> 15 | AJ48: =AJ47-AJ46 -> 15 | AM48: =AM47-AM46 -> 15
A49: 労働時間 | C49: =D73 -> 2147 | F49: =G73 -> 2192 | I49: =J73 -> 2192 | L49: =M73 -> 2192 | O49: =P73 -> 2227 | R49: =S73 -> 2353 | U49: =V73 -> 2353 | X49: =Y73 -> 2238 | AA49: =AB73 -> 2218 | AD49: =AE73 -> 2218 | AG49: =AH73 -> 2218 | AJ49: =AK73 -> 2218 | AM49: =AN73 -> 2218
C51: 社員内訳
C52: 12月 | F52: 1月 | I52: 2月 | L52: 3月 | O52: 4月 | R52: 5月 | U52: 6月 | X52: 7月 | AA52: 8月 | AD52: 9月 | AG52: 10月 | AJ52: 11月 | AM52: 12月
C53: 氏名 | D53: 稼働 | E53: 相続 | F53: 氏名 | G53: 稼働 | H53: 相続 | I53: 氏名 | J53: 稼働 | K53: 相続 | L53: 氏名 | M53: 稼働 | N53: 相続 | O53: 氏名 | P53: 稼働 | Q53: 相続 | R53: 氏名 | S53: 稼働 | T53: 相続 | U53: 氏名 | V53: 稼働 | W53: 相続 | X53: 氏名 | Y53: 稼働 | Z53: 相続 | AA53: 氏名 | AB53: 稼働 | AC53: 相続 | AD53: 氏名 | AE53: 稼働 | AF53: 相続 | AG53: 氏名 | AH53: 稼働 | AI53: 相続 | AJ53: 氏名 | AK53: 稼働 | AL53: 相続 | AM53: 氏名 | AN53: 稼働 | AO53: 相続
C54: 赤坂 | D54: 165 | E54: 4 | F54: 赤坂 | G54: 165 | H54: 4 | I54: 赤坂 | J54: 165 | K54: 4 | L54: 赤坂 | M54: 165 | N54: 4 | O54: 赤坂 | P54: 165 | Q54: 4 | R54: 赤坂 | S54: 165 | T54: 4 | U54: 赤坂 | V54: 165 | W54: 4 | X54: 赤坂 | Y54: 165 | Z54: 4 | AA54: 赤坂 | AB54: 165 | AC54: 4 | AD54: 赤坂 | AE54: 165 | AF54: 4 | AG54: 赤坂 | AH54: 165 | AI54: 4 | AJ54: 赤坂 | AK54: 165 | AL54: 4 | AM54: 赤坂 | AN54: 165 | AO54: 4
C55: 土屋 | D55: 130 | E55: 4 | F55: 土屋 | G55: 130 | H55: 4 | I55: 土屋 | J55: 130 | K55: 4 | L55: 土屋 | M55: 130 | N55: 4 | O55: 土屋 | P55: 130 | Q55: 4 | R55: 土屋 | S55: 130 | T55: 4 | U55: 土屋 | V55: 130 | W55: 4 | X55: 土屋 | Y55: 130 | Z55: 4 | AA55: 土屋 | AB55: 130 | AC55: 4 | AD55: 土屋 | AE55: 130 | AF55: 4 | AG55: 土屋 | AH55: 130 | AI55: 4 | AJ55: 土屋 | AK55: 130 | AL55: 4 | AM55: 土屋 | AN55: 130 | AO55: 4
C56: 平川 | D56: 165 | E56: 10 | F56: 平川 | G56: 165 | H56: 10 | I56: 平川 | J56: 165 | K56: 10 | L56: 平川 | M56: 165 | N56: 10 | O56: 平川 | P56: 165 | Q56: 10 | R56: 平川 | S56: 165 | T56: 10 | U56: 平川 | V56: 165 | W56: 10 | X56: 平川 | Y56: 165 | Z56: 10 | AA56: 平川 | AB56: 165 | AC56: 10 | AD56: 平川 | AE56: 165 | AF56: 10 | AG56: 平川 | AH56: 165 | AI56: 10 | AJ56: 平川 | AK56: 165 | AL56: 10 | AM56: 平川 | AN56: 165 | AO56: 10
C57: 金森 | D57: 200 | E57: 20 | F57: 金森 | G57: 200 | H57: 20 | I57: 金森 | J57: 200 | K57: 20 | L57: 金森 | M57: 200 | N57: 20 | O57: 金森 | P57: 200 | Q57: 20 | R57: 金森 | S57: 200 | T57: 20 | U57: 金森 | V57: 200 | W57: 20 | X57: 金森 | Y57: 200 | Z57: 20 | AA57: 金森 | AB57: 200 | AC57: 20 | AD57: 金森 | AE57: 200 | AF57: 20 | AG57: 金森 | AH57: 200 | AI57: 20 | AJ57: 金森 | AK57: 200 | AL57: 20 | AM57: 金森 | AN57: 200 | AO57: 20
C58: 菅家 | D58: 200 | E58: 20 | F58: 菅家 | G58: 200 | H58: 20 | I58: 菅家 | J58: 200 | K58: 20 | L58: 菅家 | M58: 200 | N58: 20 | O58: 菅家 | P58: 200 | Q58: 20 | R58: 菅家 | S58: 200 | T58: 20 | U58: 菅家 | V58: 200 | W58: 20 | X58: 菅家 | Y58: 200 | Z58: 20 | AA58: 菅家 | AB58: 200 | AC58: 20 | AD58: 菅家 | AE58: 200 | AF58: 20 | AG58: 菅家 | AH58: 200 | AI58: 20 | AJ58: 菅家 | AK58: 200 | AL58: 20 | AM58: 菅家 | AN58: 200 | AO58: 20
C59: 小泉 | D59: 200 | E59: 50 | F59: 小泉 | G59: 200 | H59: 50 | I59: 小泉 | J59: 200 | K59: 50 | L59: 小泉 | M59: 200 | N59: 50 | O59: 小泉 | P59: 200 | Q59: 50 | R59: 小泉 | S59: 200 | T59: 50 | U59: 小泉 | V59: 200 | W59: 50 | X59: 小泉 | Y59: 200 | Z59: 50 | AA59: 小泉 | AB59: 200 | AC59: 50 | AD59: 小泉 | AE59: 200 | AF59: 50 | AG59: 小泉 | AH59: 200 | AI59: 50 | AJ59: 小泉 | AK59: 200 | AL59: 50 | AM59: 小泉 | AN59: 200 | AO59: 50
C60: 石井 | D60: 165 | E60: 20 | F60: 石井 | G60: 165 | H60: 20 | I60: 石井 | J60: 165 | K60: 20 | L60: 石井 | M60: 165 | N60: 20 | O60: 石井 | P60: 165 | Q60: 20 | R60: 石井 | S60: 165 | T60: 20 | U60: 石井 | V60: 165 | W60: 20 | X60: 石井 | Y60: 165 | Z60: 20 | AA60: 石井 | AB60: 165 | AC60: 20 | AD60: 石井 | AE60: 165 | AF60: 20 | AG60: 石井 | AH60: 165 | AI60: 20 | AJ60: 石井 | AK60: 165 | AL60: 20 | AM60: 石井 | AN60: 165 | AO60: 20
C61: 近藤 | D61: 165 | E61: 20 | F61: 近藤 | G61: 165 | H61: 20 | I61: 近藤 | J61: 165 | K61: 20 | L61: 近藤 | M61: 165 | N61: 20 | O61: 近藤 | P61: 165 | Q61: 20 | R61: 近藤 | S61: 165 | T61: 20 | U61: 近藤 | V61: 165 | W61: 20 | X61: 近藤 | Y61: 165 | Z61: 20 | AA61: 近藤 | AB61: 165 | AC61: 20 | AD61: 近藤 | AE61: 165 | AF61: 20 | AG61: 近藤 | AH61: 165 | AI61: 20 | AJ61: 近藤 | AK61: 165 | AL61: 20 | AM61: 近藤 | AN61: 165 | AO61: 20
C62: 氏家 | D62: 165 | E62: 50 | F62: 氏家 | G62: 165 | H62: 50 | I62: 氏家 | J62: 165 | K62: 50 | L62: 氏家 | M62: 165 | N62: 50 | O62: 氏家 | P62: 165 | Q62: 50 | R62: 氏家 | S62: 165 | T62: 50 | U62: 氏家 | V62: 165 | W62: 50
C63: 須田 | D63: 200 | E63: 10 | F63: 須田 | G63: 200 | H63: 10 | I63: 須田 | J63: 200 | K63: 10 | L63: 須田 | M63: 200 | N63: 10 | O63: 須田 | P63: 200 | Q63: 10 | R63: 須田 | S63: 200 | T63: 10 | U63: 須田 | V63: 200 | W63: 10 | X63: 須田 | Y63: 200 | Z63: 10 | AA63: 須田 | AB63: 200 | AC63: 10 | AD63: 須田 | AE63: 200 | AF63: 10 | AG63: 須田 | AH63: 200 | AI63: 10 | AJ63: 須田 | AK63: 200 | AL63: 10 | AM63: 須田 | AN63: 200 | AO63: 10
C64: 安齋 | D64: 165 | E64: 10 | F64: 安齋 | G64: 165 | H64: 10 | I64: 安齋 | J64: 165 | K64: 10 | L64: 安齋 | M64: 165 | N64: 10
C65: 小澤 | D65: 165 | E65: 10
C66: 池添 | D66: 165 | E66: 20 | F66: 池添 | G66: 165 | H66: 20 | I66: 池添 | J66: 165 | K66: 20 | L66: 池添 | M66: 165 | N66: 20 | O66: 池添 | P66: 165 | Q66: 20 | R66: 池添 | S66: 165 | T66: 20 | U66: 池添 | V66: 165 | W66: 20 | X66: 池添 | Y66: 165 | Z66: 20 | AA66: 池添 | AB66: 165 | AC66: 20 | AD66: 池添 | AE66: 165 | AF66: 20 | AG66: 池添 | AH66: 165 | AI66: 20 | AJ66: 池添 | AK66: 165 | AL66: 20 | AM66: 池添 | AN66: 165 | AO66: 20
C67: 望月 | D67: 165 | E67: 20 | F67: 望月 | G67: 165 | H67: 20 | I67: 望月 | J67: 165 | K67: 20 | L67: 望月 | M67: 165 | N67: 20 | O67: 望月 | P67: 165 | Q67: 20 | R67: 望月 | S67: 165 | T67: 20 | U67: 望月 | V67: 165 | W67: 20 | X67: 望月 | Y67: 165 | Z67: 20 | AA67: 望月 | AB67: 165 | AC67: 20 | AD67: 望月 | AE67: 165 | AF67: 20 | AG67: 望月 | AH67: 165 | AI67: 20 | AJ67: 望月 | AK67: 165 | AL67: 20 | AM67: 望月 | AN67: 165 | AO67: 20
F68: 提箸 | G68: 200 | H68: 0 | I68: 提箸 | J68: 200 | K68: 0 | L68: 提箸 | M68: 200 | N68: 0 | O68: 提箸 | P68: 200 | Q68: 10 | R68: 提箸 | S68: 200 | T68: 10 | U68: 提箸 | V68: 200 | W68: 10 | X68: 提箸 | Y68: 200 | Z68: 10 | AA68: 提箸 | AB68: 200 | AC68: 10 | AD68: 提箸 | AE68: 200 | AF68: 10 | AG68: 提箸 | AH68: 200 | AI68: 10 | AJ68: 提箸 | AK68: 200 | AL68: 10 | AM68: 提箸 | AN68: 200 | AO68: 10
O69: 宮内 | P69: 100 | Q69: 0 | R69: 中田 | S69: 130 | T69: 4 | U69: 中田 | V69: 130 | W69: 4 | X69: 中田 | Y69: 130 | Z69: 4 | AA69: 中田 | AB69: 130 | AC69: 4 | AD69: 中田 | AE69: 130 | AF69: 4 | AG69: 中田 | AH69: 130 | AI69: 4 | AJ69: 中田 | AK69: 130 | AL69: 4 | AM69: 中田 | AN69: 130 | AO69: 4
O70: 森山 | P70: 100 | Q70: 0 | R70: 宮内 | S70: 100 | T70: 0 | U70: 宮内 | V70: 100 | W70: 0 | X70: 宮内 | Y70: 100 | Z70: 0 | AA70: 宮内 | AB70: 100 | AC70: 10 | AD70: 宮内 | AE70: 100 | AF70: 10 | AG70: 宮内 | AH70: 100 | AI70: 10 | AJ70: 宮内 | AK70: 100 | AL70: 10 | AM70: 宮内 | AN70: 100 | AO70: 10
R71: 森山 | S71: 100 | T71: 0 | U71: 森山 | V71: 100 | W71: 0 | X71: 森山 | Y71: 100 | Z71: 0 | AA71: 森山 | AB71: 100 | AC71: 10 | AD71: 森山 | AE71: 100 | AF71: 10 | AG71: 森山 | AH71: 100 | AI71: 10 | AJ71: 森山 | AK71: 100 | AL71: 10 | AM71: 森山 | AN71: 100 | AO71: 10
C72: =COUNTA(C54:C71) -> 14 | D72: =SUM(D54:D71) -> 2415 | E72: =SUM(E54:E71) -> 268 | F72: =COUNTA(F54:F71) -> 14 | G72: =SUM(G54:G71) -> 2450 | H72: =SUM(H54:H71) -> 258 | I72: =COUNTA(I54:I71) -> 14 | J72: =SUM(J54:J71) -> 2450 | K72: =SUM(K54:K71) -> 258 | L72: =COUNTA(L54:L71) -> 14 | M72: =SUM(M54:M71) -> 2450 | N72: =SUM(N54:N71) -> 258 | O72: =COUNTA(O54:O71) -> 15 | P72: =SUM(P54:P71) -> 2485 | Q72: =SUM(Q54:Q71) -> 258 | R72: =COUNTA(R54:R71) -> 16 | S72: =SUM(S54:S71) -> 2615 | T72: =SUM(T54:T71) -> 262 | U72: =COUNTA(U54:U71) -> 16 | V72: =SUM(V54:V71) -> 2615 | W72: =SUM(W54:W71) -> 262 | X72: =COUNTA(X54:X71) -> 15 | Y72: =SUM(Y54:Y71) -> 2450 | Z72: =SUM(Z54:Z71) -> 212 | AA72: =COUNTA(AA54:AA71) -> 15 | AB72: =SUM(AB54:AB71) -> 2450 | AC72: =SUM(AC54:AC71) -> 232 | AD72: =COUNTA(AD54:AD71) -> 15 | AE72: =SUM(AE54:AE71) -> 2450 | AF72: =SUM(AF54:AF71) -> 232 | AG72: =COUNTA(AG54:AG71) -> 15 | AH72: =SUM(AH54:AH71) -> 2450 | AI72: =SUM(AI54:AI71) -> 232 | AJ72: =COUNTA(AJ54:AJ71) -> 15 | AK72: =SUM(AK54:AK71) -> 2450 | AL72: =SUM(AL54:AL71) -> 232 | AM72: =COUNTA(AM54:AM71) -> 15 | AN72: =SUM(AN54:AN71) -> 2450 | AO72: =SUM(AO54:AO71) -> 232
A73: 相続の管理件数分マイナス | D73: =D72-E72 -> 2147 | G73: =G72-H72 -> 2192 | J73: =J72-K72 -> 2192 | M73: =M72-N72 -> 2192 | P73: =P72-Q72 -> 2227 | S73: =S72-T72 -> 2353 | V73: =V72-W72 -> 2353 | Y73: =Y72-Z72 -> 2238 | AB73: =AB72-AC72 -> 2218 | AE73: =AE72-AF72 -> 2218 | AH73: =AH72-AI72 -> 2218 | AK73: =AK72-AL72 -> 2218 | AN73: =AN72-AO72 -> 2218
A75: 五十嵐登記 | C75: 12月 | F75: 1月 | I75: 2月 | L75: 3月 | O75: 4月 | R75: 5月 | U75: 6月 | X75: 7月 | AA75: 8月 | AD75: 9月 | AG75: 10月 | AJ75: 11月 | AM75: 12月
A76: 適正人数 | C76: 5 | F76: 5 | I76: 5 | L76: 5 | O76: 5 | R76: 5 | U76: 5 | X76: 5 | AA76: 5 | AD76: 5 | AG76: 5 | AJ76: 5 | AM76: 5
A77: 社員数 | C77: =C90 -> 4 | F77: =F90 -> 4 | I77: =I90 -> 4 | L77: =L90 -> 4 | O77: =O90 -> 7 | R77: =R90 -> 7 | U77: =U90 -> 7 | X77: =X90 -> 7 | AA77: =AA90 -> 7 | AD77: =AD90 -> 7 | AG77: =AG90 -> 7 | AJ77: =AJ90 -> 7 | AM77: =AM90 -> 7
A78: 差異 | C78: =C77-C76 -> -1 | F78: =F77-F76 -> -1 | I78: =I77-I76 -> -1 | L78: =L77-L76 -> -1 | O78: =O77-O76 -> 2 | R78: =R77-R76 -> 2 | U78: =U77-U76 -> 2 | X78: =X77-X76 -> 2 | AA78: =AA77-AA76 -> 2 | AD78: =AD77-AD76 -> 2 | AG78: =AG77-AG76 -> 2 | AJ78: =AJ77-AJ76 -> 2 | AM78: =AM77-AM76 -> 2
A79: 労働時間 | C79: =E90 -> 660 | F79: =H90 -> 660 | I79: =K90 -> 660 | L79: =N90 -> 660 | O79: =Q90 -> 1190 | R79: =T90 -> 1190 | U79: =W90 -> 1190 | X79: =Z90 -> 1190 | AA79: =AC90 -> 1190 | AD79: =AF90 -> 1190 | AG79: =AI90 -> 1190 | AJ79: =AL90 -> 1190 | AM79: =AO90 -> 1190
C81: 社員内訳
C82: 12月 | F82: 1月 | I82: 2月 | L82: 3月 | O82: 4月 | R82: 5月 | U82: 6月 | X82: 7月 | AA82: 8月 | AD82: 9月 | AG82: 10月 | AJ82: 11月 | AM82: 12月
C83: 五十嵐 | E83: 200 | F83: 五十嵐 | H83: 200 | I83: 五十嵐 | K83: 200 | L83: 五十嵐 | N83: 200 | O83: 五十嵐 | Q83: 200 | R83: 五十嵐 | T83: 200 | U83: 五十嵐 | W83: 200 | X83: 五十嵐 | Z83: 200 | AA83: 五十嵐 | AC83: 200 | AD83: 五十嵐 | AF83: 200 | AG83: 五十嵐 | AI83: 200 | AJ83: 五十嵐 | AL83: 200 | AM83: 五十嵐 | AO83: 200
C84: 須田 | E84: 130 | F84: 須田 | H84: 130 | I84: 須田 | K84: 130 | L84: 須田 | N84: 130 | O84: 須田 | Q84: 130 | R84: 須田 | T84: 130 | U84: 須田 | W84: 130 | X84: 須田 | Z84: 130 | AA84: 須田 | AC84: 130 | AD84: 須田 | AF84: 130 | AG84: 須田 | AI84: 130 | AJ84: 須田 | AL84: 130 | AM84: 須田 | AO84: 130
C85: 菅沼 | E85: 165 | F85: 菅沼 | H85: 165 | I85: 菅沼 | K85: 165 | L85: 菅沼 | N85: 165 | O85: 菅沼 | Q85: 165 | R85: 菅沼 | T85: 165 | U85: 菅沼 | W85: 165 | X85: 菅沼 | Z85: 165 | AA85: 菅沼 | AC85: 165 | AD85: 菅沼 | AF85: 165 | AG85: 菅沼 | AI85: 165 | AJ85: 菅沼 | AL85: 165 | AM85: 菅沼 | AO85: 165
C86: 三嶋 | E86: 165 | F86: 三嶋 | H86: 165 | I86: 三嶋 | K86: 165 | L86: 三嶋 | N86: 165 | O86: 三嶋 | Q86: 130 | R86: 三嶋 | T86: 130 | U86: 三嶋 | W86: 130 | X86: 三嶋 | Z86: 130 | AA86: 三嶋 | AC86: 130 | AD86: 三嶋 | AF86: 130 | AG86: 三嶋 | AI86: 130 | AJ86: 三嶋 | AL86: 130 | AM86: 三嶋 | AO86: 130
O87: 小川 | Q87: 165 | R87: 小川 | T87: 165 | U87: 小川 | W87: 165 | X87: 小川 | Z87: 165 | AA87: 小川 | AC87: 165 | AD87: 小川 | AF87: 165 | AG87: 小川 | AI87: 165 | AJ87: 小川 | AL87: 165 | AM87: 小川 | AO87: 165
O88: 久田 | Q88: 200 | R88: 久田 | T88: 200 | U88: 久田 | W88: 200 | X88: 久田 | Z88: 200 | AA88: 久田 | AC88: 200 | AD88: 久田 | AF88: 200 | AG88: 久田 | AI88: 200 | AJ88: 久田 | AL88: 200 | AM88: 久田 | AO88: 200
O89: 芹ケ野 | Q89: 200 | R89: 芹ケ野 | T89: 200 | U89: 芹ケ野 | W89: 200 | X89: 芹ケ野 | Z89: 200 | AA89: 芹ケ野 | AC89: 200 | AD89: 芹ケ野 | AF89: 200 | AG89: 芹ケ野 | AI89: 200 | AJ89: 芹ケ野 | AL89: 200 | AM89: 芹ケ野 | AO89: 200
C90: =COUNTA(C83:C87) -> 4 | E90: =SUM(E83:E87) -> 660 | F90: =COUNTA(F83:F87) -> 4 | H90: =SUM(H83:H87) -> 660 | I90: =COUNTA(I83:I87) -> 4 | K90: =SUM(K83:K87) -> 660 | L90: =COUNTA(L83:L87) -> 4 | N90: =SUM(N83:N87) -> 660 | O90: =COUNTA(O83:O89) -> 7 | Q90: =SUM(Q83:Q89) -> 1190 | R90: =COUNTA(R83:R89) -> 7 | T90: =SUM(T83:T89) -> 1190 | U90: =COUNTA(U83:U89) -> 7 | W90: =SUM(W83:W89) -> 1190 | X90: =COUNTA(X83:X89) -> 7 | Z90: =SUM(Z83:Z89) -> 1190 | AA90: =COUNTA(AA83:AA89) -> 7 | AC90: =SUM(AC83:AC89) -> 1190 | AD90: =COUNTA(AD83:AD89) -> 7 | AF90: =SUM(AF83:AF89) -> 1190 | AG90: =COUNTA(AG83:AG89) -> 7 | AI90: =SUM(AI83:AI89) -> 1190 | AJ90: =COUNTA(AJ83:AJ89) -> 7 | AL90: =SUM(AL83:AL89) -> 1190 | AM90: =COUNTA(AM83:AM89) -> 7 | AO90: =SUM(AO83:AO89) -> 1190
A92: 身元保証 | C92: 12月 | F92: 1月 | I92: 2月 | L92: 3月 | O92: 4月 | R92: 5月 | U92: 6月 | X92: 7月 | AA92: 8月 | AD92: 9月 | AG92: 10月 | AJ92: 11月 | AM92: 12月
A93: 適正人数 | C93: 7 | F93: 7 | I93: 7 | L93: 7 | O93: 9 | R93: 9 | U93: 9 | X93: 9 | AA93: 9 | AD93: 9 | AG93: 9 | AJ93: 9 | AM93: 9
A94: 社員数 | C94: =C110 -> 7 | F94: =F110 -> 7 | I94: =I110 -> 7 | L94: =L110 -> 7 | O94: =O110 -> 9 | R94: =R110 -> 9 | U94: =U110 -> 9 | X94: =X110 -> 9 | AA94: =AA110 -> 9 | AD94: =AD110 -> 9 | AG94: =AG110 -> 9 | AJ94: =AJ110 -> 9 | AM94: =AM110 -> 9
A95: 差異 | C95: =C94-C93 -> 0 | F95: =F94-F93 -> 0 | I95: =I94-I93 -> 0 | L95: =L94-L93 -> 0 | O95: =O94-O93 -> 0 | R95: =R94-R93 -> 0 | U95: =U94-U93 -> 0 | X95: =X94-X93 -> 0 | AA95: =AA94-AA93 -> 0 | AD95: =AD94-AD93 -> 0 | AG95: =AG94-AG93 -> 0 | AJ95: =AJ94-AJ93 -> 0 | AM95: =AM94-AM93 -> 0
A96: 労働時間 | C96: =E110 -> 1195 | F96: =H110 -> 1195 | I96: =K110 -> 1195 | L96: =N110 -> 1195 | O96: =Q110 -> 1395 | R96: =T110 -> 1395 | U96: =W110 -> 1395 | X96: =Z110 -> 1395 | AA96: =AC110 -> 1395 | AD96: =AF110 -> 1395 | AG96: =AI110 -> 1395 | AJ96: =AL110 -> 1395 | AM96: =AO110 -> 1395
C98: 社員内訳
C99: 12月 | F99: 1月 | I99: 2月 | L99: 3月 | O99: 4月 | R99: 5月 | U99: 6月 | X99: 7月 | AA99: 8月 | AD99: 9月 | AG99: 10月 | AJ99: 11月 | AM99: 12月
C100: 星野 | E100: 200 | F100: 星野 | H100: 200 | I100: 星野 | K100: 200 | L100: 星野 | N100: 200 | O100: 星野 | Q100: 200 | R100: 星野 | T100: 200 | U100: 星野 | W100: 200 | X100: 星野 | Z100: 200 | AA100: 星野 | AC100: 200 | AD100: 星野 | AF100: 200 | AG100: 星野 | AI100: 200 | AJ100: 星野 | AL100: 200 | AM100: 星野 | AO100: 200
C101: 髙井 | E101: 200 | F101: 髙井 | H101: 200 | I101: 髙井 | K101: 200 | L101: 髙井 | N101: 200 | O101: 髙井 | Q101: 200 | R101: 髙井 | T101: 200 | U101: 髙井 | W101: 200 | X101: 髙井 | Z101: 200 | AA101: 髙井 | AC101: 200 | AD101: 髙井 | AF101: 200 | AG101: 髙井 | AI101: 200 | AJ101: 髙井 | AL101: 200 | AM101: 髙井 | AO101: 200
C102: 大塚 | E102: 200 | F102: 大塚 | H102: 200 | I102: 大塚 | K102: 200 | L102: 大塚 | N102: 200 | O102: 大塚 | Q102: 200 | R102: 大塚 | T102: 200 | U102: 大塚 | W102: 200 | X102: 大塚 | Z102: 200 | AA102: 大塚 | AC102: 200 | AD102: 大塚 | AF102: 200 | AG102: 大塚 | AI102: 200 | AJ102: 大塚 | AL102: 200 | AM102: 大塚 | AO102: 200
C103: 山﨑 | E103: 200 | F103: 山﨑 | H103: 200 | I103: 山﨑 | K103: 200 | L103: 山﨑 | N103: 200 | O103: 山﨑 | Q103: 200 | R103: 山﨑 | T103: 200 | U103: 山﨑 | W103: 200 | X103: 山﨑 | Z103: 200 | AA103: 山﨑 | AC103: 200 | AD103: 山﨑 | AF103: 200 | AG103: 山﨑 | AI103: 200 | AJ103: 山﨑 | AL103: 200 | AM103: 山﨑 | AO103: 200
C104: 団野 | E104: 165 | F104: 団野 | H104: 165 | I104: 団野 | K104: 165 | L104: 団野 | N104: 165 | O104: 団野 | Q104: 165 | R104: 団野 | T104: 165 | U104: 団野 | W104: 165 | X104: 団野 | Z104: 165 | AA104: 団野 | AC104: 165 | AD104: 団野 | AF104: 165 | AG104: 団野 | AI104: 165 | AJ104: 団野 | AL104: 165 | AM104: 団野 | AO104: 165
C105: 飯塚 | E105: 130 | F105: 飯塚 | H105: 130 | I105: 飯塚 | K105: 130 | L105: 飯塚 | N105: 130 | O105: 飯塚 | Q105: 130 | R105: 飯塚 | T105: 130 | U105: 飯塚 | W105: 130 | X105: 飯塚 | Z105: 130 | AA105: 飯塚 | AC105: 130 | AD105: 飯塚 | AF105: 130 | AG105: 飯塚 | AI105: 130 | AJ105: 飯塚 | AL105: 130 | AM105: 飯塚 | AO105: 130
C106: 國分 | E106: 100 | F106: 國分 | H106: 100 | I106: 國分 | K106: 100 | L106: 國分 | N106: 100 | O106: 國分 | Q106: 100 | R106: 國分 | T106: 100 | U106: 國分 | W106: 100 | X106: 國分 | Z106: 100 | AA106: 國分 | AC106: 100 | AD106: 國分 | AF106: 100 | AG106: 國分 | AI106: 100 | AJ106: 國分 | AL106: 100 | AM106: 國分 | AO106: 100
O107: 築地原 | Q107: 100 | R107: 築地原 | T107: 100 | U107: 築地原 | W107: 100 | X107: 築地原 | Z107: 100 | AA107: 築地原 | AC107: 100 | AD107: 築地原 | AF107: 100 | AG107: 築地原 | AI107: 100 | AJ107: 築地原 | AL107: 100 | AM107: 築地原 | AO107: 100
O108: 山内 | Q108: 100 | R108: 山内 | T108: 100 | U108: 山内 | W108: 100 | X108: 山内 | Z108: 100 | AA108: 山内 | AC108: 100 | AD108: 山内 | AF108: 100 | AG108: 山内 | AI108: 100 | AJ108: 山内 | AL108: 100 | AM108: 山内 | AO108: 100
C110: =COUNTA(C100:C109) -> 7 | E110: =SUM(E100:E109) -> 1195 | F110: =COUNTA(F100:F109) -> 7 | H110: =SUM(H100:H109) -> 1195 | I110: =COUNTA(I100:I109) -> 7 | K110: =SUM(K100:K109) -> 1195 | L110: =COUNTA(L100:L109) -> 7 | N110: =SUM(N100:N109) -> 1195 | O110: =COUNTA(O100:O109) -> 9 | Q110: =SUM(Q100:Q109) -> 1395 | R110: =COUNTA(R100:R109) -> 9 | T110: =SUM(T100:T109) -> 1395 | U110: =COUNTA(U100:U109) -> 9 | W110: =SUM(W100:W109) -> 1395 | X110: =COUNTA(X100:X109) -> 9 | Z110: =SUM(Z100:Z109) -> 1395 | AA110: =COUNTA(AA100:AA109) -> 9 | AC110: =SUM(AC100:AC109) -> 1395 | AD110: =COUNTA(AD100:AD109) -> 9 | AF110: =SUM(AF100:AF109) -> 1395 | AG110: =COUNTA(AG100:AG109) -> 9 | AI110: =SUM(AI100:AI109) -> 1395 | AJ110: =COUNTA(AJ100:AJ109) -> 9 | AL110: =SUM(AL100:AL109) -> 1395 | AM110: =COUNTA(AM100:AM109) -> 9 | AO110: =SUM(AO100:AO109) -> 1395
A112: 不動産 | C112: 12月 | F112: 1月 | I112: 2月 | L112: 3月 | O112: 4月 | R112: 5月 | U112: 6月 | X112: 7月 | AA112: 8月 | AD112: 9月 | AG112: 10月 | AJ112: 11月 | AM112: 12月
A113: 適正人数 | C113: 8 | F113: 8 | I113: 8 | L113: 8 | O113: 9 | R113: 9 | U113: 9 | X113: 9 | AA113: 10 | AD113: 10 | AG113: 10 | AJ113: 10 | AM113: 10
A114: 社員数 | C114: =C130 -> 8 | F114: =F130 -> 8 | I114: =I130 -> 8 | L114: =L130 -> 8 | O114: =O130 -> 8 | R114: =R130 -> 8 | U114: =U130 -> 8 | X114: =X130 -> 8 | AA114: =AA130 -> 8 | AD114: =AD130 -> 8 | AG114: =AG130 -> 8 | AJ114: =AJ130 -> 8 | AM114: =AM130 -> 8
...

Sheet LP
A1: LPマンパワー推移2026
A2: LP | C2: 12月 | H2: 1月 | M2: 2月 | R2: 3月 | W2: 4月 | AB2: 5月 | AG2: 6月 | AL2: 7月 | AQ2: 8月 | AV2: 9月 | BA2: 10月 | BF2: 11月 | BK2: 12月
A3: 適正人数 | C3: 13 | H3: 13 | M3: 13 | R3: 13 | W3: 17 | AB3: 18 | AG3: 17 | AL3: 17 | AQ3: 18 | AV3: 17 | BA3: 17 | BF3: 18 | BK3: 18
A4: 社員数 | C4: =C35 -> 11 | H4: =H35 -> 12 | M4: =M35 -> 12 | R4: =R35 -> 12 | W4: =W35 -> 15 | AB4: =AB35 -> 16 | AG4: =AG35 -> 16 | AL4: =AL35 -> 16 | AQ4: =AQ35 -> 16 | AV4: =AV35 -> 15 | BA4: =BA35 -> 15 | BF4: =BF35 -> 15 | BK4: =BK35 -> 15
A5: 差異 | C5: =C4-C3 -> -2 | H5: =H4-H3 -> -1 | M5: =M4-M3 -> -1 | R5: =R4-R3 -> -1 | W5: =W4-W3 -> -2 | AB5: =AB4-AB3 -> -2 | AG5: =AG4-AG3 -> -1 | AL5: =AL4-AL3 -> -1 | AQ5: =AQ4-AQ3 -> -2 | AV5: =AV4-AV3 -> -2 | BA5: =BA4-BA3 -> -2 | BF5: =BF4-BF3 -> -3 | BK5: =BK4-BK3 -> -3
A7: 実働×熟練度 | C7: =F35 -> 1186 | H7: =K35 -> 1200 | M7: 1279 | R7: =#REF! -> #REF! | W7: =Z35 -> 1444 | AB7: =AE35 -> 1614 | AG7: =AJ35 -> 1662 | AL7: =AO35 -> 1682 | AQ7: =AT35 -> 1700 | AV7: =AY35 -> 1510 | BA7: =BD35 -> 1610 | BF7: =BI35 -> 1635 | BK7: =BN35 -> 1651
A8: 差異 | C8: =C7-C6 -> 1186 | H8: =H7-H6 -> 1200 | M8: =M7-M6 -> 1279 | R8: =R7-R6 -> #REF!
A10: 総稼働時間
A11: 架電
A12: 架電以外
C13: 社員内訳
C14: 12月 | H14: 1月 | M14: 2月 | R14: 3月 | W14: 4月 | AB14: 5月 | AG14: 6月 | AL14: 7月 | AQ14: 8月 | AV14: 9月 | BA14: 10月 | BF14: 11月 | BK14: 12月
C15: 氏名 | D15: 実働 | E15: 相続 | F15: ×熟練度 | G15: 熟練度 | H15: 氏名 | I15: 実働 | J15: 相続 | K15: ×熟練度 | L15: 熟練度 | M15: 氏名 | N15: 実働 | O15: 相続 | P15: ×熟練度 | Q15: 熟練度 | R15: 氏名 | S15: 実働 | T15: 相続 | U15: ×熟練度 | V15: 熟練度 | W15: 氏名 | X15: 実働 | Y15: 相続 | Z15: ×熟練度 | AA15: 熟練度 | AB15: 氏名 | AC15: 実働 | AD15: 相続 | AE15: ×熟練度 | AF15: 熟練度 | AG15: 氏名 | AH15: 実働 | AI15: 相続 | AJ15: ×熟練度 | AK15: 熟練度 | AL15: 氏名 | AM15: 実働 | AN15: 相続 | AO15: ×熟練度 | AP15: 熟練度 | AQ15: 氏名 | AR15: 実働 | AS15: 相続 | AT15: ×熟練度 | AU15: 熟練度 | AV15: 氏名 | AW15: 実働 | AX15: 相続 | AY15: ×熟練度 | AZ15: 熟練度 | BA15: 氏名 | BB15: 実働 | BC15: 相続 | BD15: ×熟練度 | BE15: 熟練度 | BF15: 氏名 | BG15: 実働 | BH15: 相続 | BI15: ×熟練度 | BJ15: 熟練度 | BK15: 氏名 | BL15: 実働 | BM15: 相続 | BN15: ×熟練度 | BO15: 熟練度
C16: 赤坂 | D16: 165 | E16: 4 | F16: =ROUND((D16-E16)*G16,0) -> 153 | G16: 0.95 | H16: 赤坂 | I16: 165 | J16: 4 | K16: =ROUND((I16-J16)*L16,0) -> 153 | L16: 0.95 | M16: 赤坂 | N16: 165 | O16: 4 | P16: =ROUND((N16-O16)*Q16,0) -> 153 | Q16: 0.95 | R16: 赤坂 | S16: 165 | T16: 4 | U16: =ROUND((S16-T16)*V16,0) -> 153 | V16: 0.95 | W16: 赤坂 | X16: 165 | Y16: 4 | Z16: =ROUND((X16-Y16)*AA16,0) -> 153 | AA16: 0.95 | AB16: 赤坂 | AC16: 165 | AD16: 4 | AE16: =ROUND((AC16-AD16)*AF16,0) -> 153 | AF16: 0.95 | AG16: 赤坂 | AH16: 165 | AI16: 4 | AJ16: =ROUND((AH16-AI16)*AK16,0) -> 153 | AK16: 0.95 | AL16: 赤坂 | AM16: 165 | AN16: 4 | AO16: =ROUND((AM16-AN16)*AP16,0) -> 153 | AP16: 0.95 | AQ16: 赤坂 | AR16: 165 | AS16: 4 | AT16: =ROUND((AR16-AS16)*AU16,0) -> 153 | AU16: 0.95
C17: 土屋 | D17: 130 | E17: 4 | F17: =ROUND((D17-E17)*G17,0) -> 120 | G17: 0.95 | H17: 土屋 | I17: 130 | J17: 4 | K17: =ROUND((I17-J17)*L17,0) -> 120 | L17: 0.95 | M17: 土屋 | N17: 130 | O17: 4 | P17: =ROUND((N17-O17)*Q17,0) -> 120 | Q17: 0.95 | R17: 土屋 | S17: 130 | T17: 4 | U17: =ROUND((S17-T17)*V17,0) -> 120 | V17: 0.95 | W17: 土屋 | X17: 130 | Y17: 4 | Z17: =ROUND((X17-Y17)*AA17,0) -> 120 | AA17: 0.95 | AB17: 土屋 | AC17: 130 | AD17: 4 | AE17: =ROUND((AC17-AD17)*AF17,0) -> 120 | AF17: 0.95 | AG17: 土屋 | AH17: 130 | AI17: 4 | AJ17: =ROUND((AH17-AI17)*AK17,0) -> 120 | AK17: 0.95 | AL17: 土屋 | AM17: 130 | AN17: 4 | AO17: =ROUND((AM17-AN17)*AP17,0) -> 120 | AP17: 0.95 | AQ17: 土屋 | AR17: 130 | AS17: 4 | AT17: =ROUND((AR17-AS17)*AU17,0) -> 120 | AU17: 0.95 | AV17: 土屋 | AW17: 130 | AX17: 4 | AY17: =ROUND((AW17-AX17)*AZ17,0) -> 120 | AZ17: 0.95 | BA17: 土屋 | BB17: 130 | BC17: 4 | BD17: =ROUND((BB17-BC17)*BE17,0) -> 120 | BE17: 0.95 | BF17: 土屋 | BG17: 130 | BH17: 4 | BI17: =ROUND((BG17-BH17)*BJ17,0) -> 120 | BJ17: 0.95 | BK17: 土屋 | BL17: 130 | BM17: 4 | BN17: =ROUND((BL17-BM17)*BO17,0) -> 120 | BO17: 0.95
C18: 平川 | D18: 165 | E18: 10 | F18: =ROUND((D18-E18)*G18,0) -> 132 | G18: 0.85 | H18: 平川 | I18: 165 | J18: 10 | K18: =ROUND((I18-J18)*L18,0) -> 132 | L18: 0.85 | M18: 平川 | N18: 165 | O18: 10 | P18: =ROUND((N18-O18)*Q18,0) -> 132 | Q18: 0.85 | R18: 平川 | S18: 165 | T18: 10 | U18: =ROUND((S18-T18)*V18,0) -> 132 | V18: 0.85 | W18: 平川 | X18: 165 | Y18: 10 | Z18: =ROUND((X18-Y18)*AA18,0) -> 132 | AA18: 0.85 | AB18: 平川 | AC18: 165 | AD18: 10 | AE18: =ROUND((AC18-AD18)*AF18,0) -> 132 | AF18: 0.85 | AG18: 平川 | AH18: 165 | AI18: 10 | AJ18: =ROUND((AH18-AI18)*AK18,0) -> 132 | AK18: 0.85 | AL18: 平川 | AM18: 165 | AN18: 10 | AO18: =ROUND((AM18-AN18)*AP18,0) -> 132 | AP18: 0.85 | AQ18: 平川 | AR18: 165 | AS18: 10 | AT18: =ROUND((AR18-AS18)*AU18,0) -> 132 | AU18: 0.85 | AV18: 平川 | AW18: 165 | AX18: 10 | AY18: =ROUND((AW18-AX18)*AZ18,0) -> 132 | AZ18: 0.85 | BA18: 平川 | BB18: 165 | BC18: 10 | BD18: =ROUND((BB18-BC18)*BE18,0) -> 132 | BE18: 0.85 | BF18: 平川 | BG18: 165 | BH18: 10 | BI18: =ROUND((BG18-BH18)*BJ18,0) -> 132 | BJ18: 0.85 | BK18: 平川 | BL18: 165 | BM18: 10 | BN18: =ROUND((BL18-BM18)*BO18,0) -> 132 | BO18: 0.85
C19: 金森 | D19: 200 | E19: 20 | F19: =ROUND((D19-E19)*G19,0) -> 108 | G19: 0.6 | H19: 金森 | I19: 200 | J19: 20 | K19: =ROUND((I19-J19)*L19,0) -> 108 | L19: 0.6 | M19: 金森 | N19: 200 | O19: 20 | P19: =ROUND((N19-O19)*Q19,0) -> 108 | Q19: 0.6 | R19: 金森 | S19: 200 | T19: 20 | U19: =ROUND((S19-T19)*V19,0) -> 108 | V19: 0.6 | W19: 金森 | X19: 200 | Y19: 20 | Z19: =ROUND((X19-Y19)*AA19,0) -> 108 | AA19: 0.6 | AB19: 金森 | AC19: 200 | AD19: 20 | AE19: =ROUND((AC19-AD19)*AF19,0) -> 108 | AF19: 0.6 | AG19: 金森 | AH19: 200 | AI19: 20 | AJ19: =ROUND((AH19-AI19)*AK19,0) -> 108 | AK19: 0.6 | AL19: 金森 | AM19: 200 | AN19: 20 | AO19: =ROUND((AM19-AN19)*AP19,0) -> 108 | AP19: 0.6 | AQ19: 金森 | AR19: 200 | AS19: 20 | AT19: =ROUND((AR19-AS19)*AU19,0) -> 108 | AU19: 0.6 | AV19: 金森 | AW19: 200 | AX19: 20 | AY19: =ROUND((AW19-AX19)*AZ19,0) -> 108 | AZ19: 0.6 | BA19: 金森 | BB19: 200 | BC19: 20 | BD19: =ROUND((BB19-BC19)*BE19,0) -> 108 | BE19: 0.6 | BF19: 金森 | BG19: 200 | BH19: 20 | BI19: =ROUND((BG19-BH19)*BJ19,0) -> 108 | BJ19: 0.6 | BK19: 金森 | BL19: 200 | BM19: 20 | BN19: =ROUND((BL19-BM19)*BO19,0) -> 108 | BO19: 0.6
C20: 菅家 | D20: 200 | E20: 20 | F20: =ROUND((D20-E20)*G20,0) -> 162 | G20: 0.9 | H20: 菅家 | I20: 200 | J20: 20 | K20: =ROUND((I20-J20)*L20,0) -> 162 | L20: 0.9 | M20: 菅家 | N20: 200 | O20: 20 | P20: =ROUND((N20-O20)*Q20,0) -> 162 | Q20: 0.9 | R20: 菅家 | S20: 200 | T20: 20 | U20: =ROUND((S20-T20)*V20,0) -> 162 | V20: 0.9 | W20: 菅家 | X20: 200 | Y20: 20 | Z20: =ROUND((X20-Y20)*AA20,0) -> 162 | AA20: 0.9 | AB20: 菅家 | AC20: 200 | AD20: 20 | AE20: =ROUND((AC20-AD20)*AF20,0) -> 162 | AF20: 0.9 | AG20: 菅家 | AH20: 200 | AI20: 20 | AJ20: =ROUND((AH20-AI20)*AK20,0) -> 162 | AK20: 0.9 | AL20: 菅家 | AM20: 200 | AN20: 20 | AO20: =ROUND((AM20-AN20)*AP20,0) -> 162 | AP20: 0.9 | AQ20: 菅家 | AR20: 200 | AS20: 20 | AT20: =ROUND((AR20-AS20)*AU20,0) -> 162 | AU20: 0.9 | AV20: 菅家 | AW20: 200 | AX20: 20 | AY20: =ROUND((AW20-AX20)*AZ20,0) -> 162 | AZ20: 0.9 | BA20: 菅家 | BB20: 200 | BC20: 20 | BD20: =ROUND((BB20-BC20)*BE20,0) -> 162 | BE20: 0.9 | BF20: 菅家 | BG20: 200 | BH20: 20 | BI20: =ROUND((BG20-BH20)*BJ20,0) -> 162 | BJ20: 0.9 | BK20: 菅家 | BL20: 200 | BM20: 20 | BN20: =ROUND((BL20-BM20)*BO20,0) -> 162 | BO20: 0.9
W21: 小泉 | X21: 200 | Y21: 50 | Z21: =ROUND((X21-Y21)*AA21,0) -> 135 | AA21: 0.9 | AB21: 小泉 | AC21: 200 | AD21: 50 | AE21: =ROUND((AC21-AD21)*AF21,0) -> 135 | AF21: 0.9 | AG21: 小泉 | AH21: 200 | AI21: 50 | AJ21: =ROUND((AH21-AI21)*AK21,0) -> 135 | AK21: 0.9 | AL21: 小泉 | AM21: 200 | AN21: 50 | AO21: =ROUND((AM21-AN21)*AP21,0) -> 135 | AP21: 0.9 | AQ21: 小泉 | AR21: 200 | AS21: 50 | AT21: =ROUND((AR21-AS21)*AU21,0) -> 135 | AU21: 0.9 | AV21: 小泉 | AW21: 200 | AX21: 50 | AY21: =ROUND((AW21-AX21)*AZ21,0) -> 135 | AZ21: 0.9 | BA21: 小泉 | BB21: 200 | BC21: 50 | BD21: =ROUND((BB21-BC21)*BE21,0) -> 135 | BE21: 0.9 | BF21: 小泉 | BG21: 200 | BH21: 50 | BI21: =ROUND((BG21-BH21)*BJ21,0) -> 135 | BJ21: 0.9 | BK21: 小泉 | BL21: 200 | BM21: 50 | BN21: =ROUND((BL21-BM21)*BO21,0) -> 135 | BO21: 0.9
C22: 石井 | D22: 165 | E22: 20 | F22: =ROUND((D22-E22)*G22,0) -> 87 | G22: 0.6 | H22: 石井 | I22: 165 | J22: 20 | K22: =ROUND((I22-J22)*L22,0) -> 87 | L22: 0.6 | M22: 石井 | N22: 165 | O22: 20 | P22: =ROUND((N22-O22)*Q22,0) -> 87 | Q22: 0.6 | R22: 石井 | S22: 165 | T22: 20 | U22: =ROUND((S22-T22)*V22,0) -> 87 | V22: 0.6 | W22: 石井 | X22: 165 | Y22: 20 | Z22: =ROUND((X22-Y22)*AA22,0) -> 87 | AA22: 0.6 | AB22: 石井 | AC22: 165 | AD22: 20 | AE22: =ROUND((AC22-AD22)*AF22,0) -> 87 | AF22: 0.6 | AG22: 石井 | AH22: 165 | AI22: 20 | AJ22: =ROUND((AH22-AI22)*AK22,0) -> 87 | AK22: 0.6 | AL22: 石井 | AM22: 165 | AN22: 20 | AO22: =ROUND((AM22-AN22)*AP22,0) -> 87 | AP22: 0.6 | AQ22: 石井 | AR22: 165 | AS22: 20 | AT22: =ROUND((AR22-AS22)*AU22,0) -> 87 | AU22: 0.6 | AV22: 石井 | AW22: 165 | AX22: 20 | AY22: =ROUND((AW22-AX22)*AZ22,0) -> 87 | AZ22: 0.6 | BA22: 石井 | BB22: 165 | BC22: 20 | BD22: =ROUND((BB22-BC22)*BE22,0) -> 87 | BE22: 0.6 | BF22: 石井 | BG22: 165 | BH22: 20 | BI22: =ROUND((BG22-BH22)*BJ22,0) -> 87 | BJ22: 0.6 | BK22: 石井 | BL22: 165 | BM22: 20 | BN22: =ROUND((BL22-BM22)*BO22,0) -> 87 | BO22: 0.6
C23: 近藤 | D23: 165 | E23: 20 | F23: =ROUND((D23-E23)*G23,0) -> 131 | G23: 0.9 | H23: 近藤 | I23: 165 | J23: 20 | K23: =ROUND((I23-J23)*L23,0) -> 131 | L23: 0.9 | M23: 近藤 | N23: 165 | O23: 20 | P23: =ROUND((N23-O23)*Q23,0) -> 131 | Q23: 0.9 | R23: 近藤 | S23: 165 | T23: 20 | U23: =ROUND((S23-T23)*V23,0) -> 131 | V23: 0.9 | W23: 近藤 | X23: 165 | Y23: 20 | Z23: =ROUND((X23-Y23)*AA23,0) -> 131 | AA23: 0.9 | AB23: 近藤 | AC23: 165 | AD23: 20 | AE23: =ROUND((AC23-AD23)*AF23,0) -> 131 | AF23: 0.9 | AG23: 近藤 | AH23: 165 | AI23: 20 | AJ23: =ROUND((AH23-AI23)*AK23,0) -> 131 | AK23: 0.9 | AL23: 近藤 | AM23: 165 | AN23: 20 | AO23: =ROUND((AM23-AN23)*AP23,0) -> 131 | AP23: 0.9 | AQ23: 近藤 | AR23: 165 | AS23: 20 | AT23: =ROUND((AR23-AS23)*AU23,0) -> 131 | AU23: 0.9 | AV23: 近藤 | AW23: 165 | AX23: 20 | AY23: =ROUND((AW23-AX23)*AZ23,0) -> 131 | AZ23: 0.9 | BA23: 近藤 | BB23: 165 | BC23: 20 | BD23: =ROUND((BB23-BC23)*BE23,0) -> 131 | BE23: 0.9 | BF23: 近藤 | BG23: 165 | BH23: 20 | BI23: =ROUND((BG23-BH23)*BJ23,0) -> 131 | BJ23: 0.9 | BK23: 近藤 | BL23: 165 | BM23: 20 | BN23: =ROUND((BL23-BM23)*BO23,0) -> 131 | BO23: 0.9
C24: 氏家 | D24: 165 | E24: 50 | F24: =ROUND((D24-E24)*G24,0) -> 81 | G24: 0.7 | H24: 氏家 | I24: 165 | J24: 50 | K24: =ROUND((I24-J24)*L24,0) -> 81 | L24: 0.7 | M24: 氏家 | N24: 165 | O24: 50 | P24: =ROUND((N24-O24)*Q24,0) -> 81 | Q24: 0.7 | R24: 氏家 | S24: 165 | T24: 50 | U24: =ROUND((S24-T24)*V24,0) -> 81 | V24: 0.7 | W24: 氏家 | X24: 165 | Y24: 50 | Z24: =ROUND((X24-Y24)*AA24,0) -> 81 | AA24: 0.7 | AB24: 氏家 | AC24: 165 | AD24: 50 | AE24: =ROUND((AC24-AD24)*AF24,0) -> 81 | AF24: 0.7 | AG24: 氏家 | AH24: 165 | AI24: 50 | AJ24: =ROUND((AH24-AI24)*AK24,0) -> 81 | AK24: 0.7 | AL24: 氏家 | AM24: 165 | AN24: 50 | AO24: =ROUND((AM24-AN24)*AP24,0) -> 81 | AP24: 0.7 | AQ24: 氏家 | AR24: 165 | AS24: 50 | AT24: =ROUND((AR24-AS24)*AU24,0) -> 81 | AU24: 0.7 | AV24: 氏家 | AW24: 165 | AX24: 50 | AY24: =ROUND((AW24-AX24)*AZ24,0) -> 81 | AZ24: 0.7 | BA24: 氏家 | BB24: 165 | BC24: 50 | BD24: =ROUND((BB24-BC24)*BE24,0) -> 81 | BE24: 0.7 | BF24: 氏家 | BG24: 165 | BH24: 50 | BI24: =ROUND((BG24-BH24)*BJ24,0) -> 81 | BJ24: 0.7 | BK24: 氏家 | BL24: 165 | BM24: 50 | BN24: =ROUND((BL24-BM24)*BO24,0) -> 81 | BO24: 0.7
C25: 須田 | D25: 200 | E25: 10 | F25: =ROUND((D25-E25)*G25,0) -> 124 | G25: 0.65 | H25: 須田 | I25: 200 | J25: 10 | K25: =ROUND((I25-J25)*L25,0) -> 124 | L25: 0.65 | M25: 須田 | N25: 200 | O25: 10 | P25: =ROUND((N25-O25)*Q25,0) -> 124 | Q25: 0.65 | R25: 須田 | S25: 200 | T25: 10 | U25: =ROUND((S25-T25)*V25,0) -> 124 | V25: 0.65 | W25: 須田 | X25: 200 | Y25: 10 | Z25: =ROUND((X25-Y25)*AA25,0) -> 133 | AA25: 0.7 | AB25: 須田 | AC25: 200 | AD25: 10 | AE25: =ROUND((AC25-AD25)*AF25,0) -> 133 | AF25: 0.7 | AG25: 須田 | AH25: 200 | AI25: 10 | AJ25: =ROUND((AH25-AI25)*AK25,0) -> 143 | AK25: 0.75 | AL25: 須田 | AM25: 200 | AN25: 10 | AO25: =ROUND((AM25-AN25)*AP25,0) -> 143 | AP25: 0.75 | AQ25: 須田 | AR25: 200 | AS25: 10 | AT25: =ROUND((AR25-AS25)*AU25,0) -> 143 | AU25: 0.75 | AV25: 須田 | AW25: 200 | AX25: 10 | AY25: =ROUND((AW25-AX25)*AZ25,0) -> 124 | AZ25: 0.65 | BA25: 須田 | BB25: 200 | BC25: 10 | BD25: =ROUND((BB25-BC25)*BE25,0) -> 124 | BE25: 0.65 | BF25: 須田 | BG25: 200 | BH25: 10 | BI25: =ROUND((BG25-BH25)*BJ25,0) -> 124 | BJ25: 0.65 | BK25: 須田 | BL25: 200 | BM25: 10 | BN25: =ROUND((BL25-BM25)*BO25,0) -> 124 | BO25: 0.65
C26: 池添 | D26: 165 | E26: 20 | F26: =ROUND((D26-E26)*G26,0) -> 73 | G26: 0.5 | H26: 池添 | I26: 165 | J26: 20 | K26: =ROUND((I26-J26)*L26,0) -> 73 | L26: 0.5 | M26: 池添 | N26: 165 | O26: 20 | P26: =ROUND((N26-O26)*Q26,0) -> 73 | Q26: 0.5 | R26: 池添 | S26: 165 | T26: 20 | U26: =ROUND((S26-T26)*V26,0) -> 73 | V26: 0.5 | W26: 池添 | X26: 165 | Y26: 20 | Z26: =ROUND((X26-Y26)*AA26,0) -> 87 | AA26: 0.6 | AB26: 池添 | AC26: 165 | AD26: 20 | AE26: =ROUND((AC26-AD26)*AF26,0) -> 94 | AF26: 0.65 | AG26: 池添 | AH26: 165 | AI26: 20 | AJ26: =ROUND((AH26-AI26)*AK26,0) -> 102 | AK26: 0.7 | AL26: 池添 | AM26: 165 | AN26: 20 | AO26: =ROUND((AM26-AN26)*AP26,0) -> 102 | AP26: 0.7 | AQ26: 池添 | AR26: 165 | AS26: 20 | AT26: =ROUND((AR26-AS26)*AU26,0) -> 109 | AU26: 0.75 | AV26: 池添 | AW26: 165 | AX26: 20 | AY26: =ROUND((AW26-AX26)*AZ26,0) -> 109 | AZ26: 0.75 | BA26: 池添 | BB26: 165 | BC26: 20 | BD26: =ROUND((BB26-BC26)*BE26,0) -> 109 | BE26: 0.75 | BF26: 池添 | BG26: 165 | BH26: 20 | BI26: =ROUND((BG26-BH26)*BJ26,0) -> 116 | BJ26: 0.8 | BK26: 池添 | BL26: 165 | BM26: 20 | BN26: =ROUND((BL26-BM26)*BO26,0) -> 116 | BO26: 0.8
C27: 望月 | D27: 165 | E27: 20 | F27: =ROUND((D27-E27)*G27,0) -> 15 | G27: 0.1 | H27: 望月 | I27: 165 | J27: 20 | K27: =ROUND((I27-J27)*L27,0) -> 29 | L27: 0.2 | M27: 望月 | N27: 165 | O27: 20 | P27: =ROUND((N27-O27)*Q27,0) -> 29 | Q27: 0.2 | R27: 望月 | S27: 165 | T27: 20 | U27: =ROUND((S27-T27)*V27,0) -> 44 | V27: 0.3 | W27: 望月 | X27: 165 | Y27: 20 | Z27: =ROUND((X27-Y27)*AA27,0) -> 58 | AA27: 0.4 | AB27: 望月 | AC27: 165 | AD27: 20 | AE27: =ROUND((AC27-AD27)*AF27,0) -> 58 | AF27: 0.4 | AG27: 望月 | AH27: 165 | AI27: 20 | AJ27: =ROUND((AH27-AI27)*AK27,0) -> 73 | AK27: 0.5 | AL27: 望月 | AM27: 165 | AN27: 20 | AO27: =ROUND((AM27-AN27)*AP27,0) -> 73 | AP27: 0.5 | AQ27: 望月 | AR27: 165 | AS27: 20 | AT27: 60 | AU27: 0.55 | AV27: 望月 | AW27: 165 | AX27: 20 | AY27: 15 | AZ27: 0.55 | BA27: 望月 | BB27: 165 | BC27: 20 | BD27: =ROUND((BB27-BC27)*BE27,0) -> 87 | BE27: 0.6 | BF27: 望月 | BG27: 165 | BH27: 20 | BI27: =ROUND((BG27-BH27)*BJ27,0) -> 87 | BJ27: 0.6 | BK27: 望月 | BL27: 165 | BM27: 20 | BN27: =ROUND((BL27-BM27)*BO27,0) -> 94 | BO27: 0.65
F28: =ROUND((D28-E28)*G28,0) -> 0 | H28: 提箸 | I28: 200 | J28: 0 | K28: =ROUND((I28-J28)*L28,0) -> 0 | M28: 提箸 | N28: 200 | O28: 0 | P28: =ROUND((N28-O28)*Q28,0) -> 20 | Q28: 0.1 | R28: 提箸 | S28: 200 | T28: 0 | U28: =ROUND((S28-T28)*V28,0) -> 40 | V28: 0.2 | W28: 提箸 | X28: 200 | Y28: 10 | Z28: =ROUND((X28-Y28)*AA28,0) -> 57 | AA28: 0.3 | AB28: 提箸 | AC28: 200 | AD28: 10 | AE28: =ROUND((AC28-AD28)*AF28,0) -> 76 | AF28: 0.4 | AG28: 提箸 | AH28: 200 | AI28: 10 | AJ28: =ROUND((AH28-AI28)*AK28,0) -> 95 | AK28: 0.5 | AL28: 提箸 | AM28: 200 | AN28: 10 | AO28: =ROUND((AM28-AN28)*AP28,0) -> 95 | AP28: 0.5 | AQ28: 提箸 | AR28: 200 | AS28: 10 | AT28: =ROUND((AR28-AS28)*AU28,0) -> 105 | AU28: 0.55 | AV28: 提箸 | AW28: 200 | AX28: 10 | AY28: =ROUND((AW28-AX28)*AZ28,0) -> 114 | AZ28: 0.6 | BA28: 提箸 | BB28: 200 | BC28: 10 | BD28: =ROUND((BB28-BC28)*BE28,0) -> 124 | BE28: 0.65 | BF28: 提箸 | BG28: 200 | BH28: 10 | BI28: =ROUND((BG28-BH28)*BJ28,0) -> 124 | BJ28: 0.65 | BK28: 提箸 | BL28: 200 | BM28: 10 | BN28: =ROUND((BL28-BM28)*BO28,0) -> 133 | BO28: 0.7
F29: =ROUND((D29-E29)*G29,0) -> 0 | K29: =ROUND((I29-J29)*L29,0) -> 0 | P29: =ROUND((N29-O29)*Q29,0) -> 0 | U29: =ROUND((S29-T29)*V29,0) -> 0 | W29: 宮内 | X29: 100 | Y29: 0 | Z29: =ROUND((X29-Y29)*AA29,0) -> 0 | AA29: 0 | AB29: 中田 | AC29: 130 | AD29: 0 | AE29: =ROUND((AC29-AD29)*AF29,0) -> 124 | AF29: 0.95 | AG29: 中田 | AH29: 130 | AI29: 4 | AJ29: =ROUND((AH29-AI29)*AK29,0) -> 120 | AK29: 0.95 | AL29: 中田 | AM29: 130 | AN29: 4 | AO29: =ROUND((AM29-AN29)*AP29,0) -> 120 | AP29: 0.95 | AQ29: 中田 | AR29: 130 | AS29: 4 | AT29: =ROUND((AR29-AS29)*AU29,0) -> 120 | AU29: 0.95 | AV29: 中田 | AW29: 130 | AX29: 4 | AY29: =ROUND((AW29-AX29)*AZ29,0) -> 120 | AZ29: 0.95 | BA29: 中田 | BB29: 130 | BC29: 4 | BD29: =ROUND((BB29-BC29)*BE29,0) -> 120 | BE29: 0.95 | BF29: 中田 | BG29: 130 | BH29: 4 | BI29: =ROUND((BG29-BH29)*BJ29,0) -> 120 | BJ29: 0.95 | BK29: 中田 | BL29: 130 | BM29: 4 | BN29: =ROUND((BL29-BM29)*BO29,0) -> 120 | BO29: 0.95
F30: =ROUND((D30-E30)*G30,0) -> 0 | K30: =ROUND((I30-J30)*L30,0) -> 0 | P30: =ROUND((N30-O30)*Q30,0) -> 0 | U30: =ROUND((S30-T30)*V30,0) -> 0 | W30: 森山 | X30: 100 | Y30: 0 | Z30: =ROUND((X30-Y30)*AA30,0) -> 0 | AA30: 0 | AB30: 宮内 | AC30: 100 | AD30: 0 | AE30: =ROUND((AC30-AD30)*AF30,0) -> 10 | AF30: 0.1 | AG30: 宮内 | AH30: 100 | AI30: 0 | AJ30: =ROUND((AH30-AI30)*AK30,0) -> 10 | AK30: 0.1 | AL30: 宮内 | AM30: 100 | AN30: 0 | AO30: 20 | AP30: 0.2 | AQ30: 宮内 | AR30: 100 | AS30: 10 | AT30: =ROUND((AR30-AS30)*AU30,0) -> 27 | AU30: 0.3 | AV30: 宮内 | AW30: 100 | AX30: 10 | AY30: =ROUND((AW30-AX30)*AZ30,0) -> 36 | AZ30: 0.4 | BA30: 宮内 | BB30: 100 | BC30: 10 | BD30: =ROUND((BB30-BC30)*BE30,0) -> 45 | BE30: 0.5 | BF30: 宮内 | BG30: 100 | BH30: 10 | BI30: =ROUND((BG30-BH30)*BJ30,0) -> 54 | BJ30: 0.6 | BK30: 宮内 | BL30: 100 | BM30: 10 | BN30: =ROUND((BL30-BM30)*BO30,0) -> 54 | BO30: 0.6
F31: =ROUND((D31-E31)*G31,0) -> 0 | K31: =ROUND((I31-J31)*L31,0) -> 0 | P31: =ROUND((N31-O31)*Q31,0) -> 0 | U31: =ROUND((S31-T31)*V31,0) -> 0 | Z31: =ROUND((X31-Y31)*AA31,0) -> 0 | AB31: 森山 | AC31: 100 | AD31: 0 | AE31: =ROUND((AC31-AD31)*AF31,0) -> 10 | AF31: 0.1 | AG31: 森山 | AH31: 100 | AI31: 0 | AJ31: =ROUND((AH31-AI31)*AK31,0) -> 10 | AK31: 0.1 | AL31: 森山 | AM31: 100 | AN31: 0 | AO31: 20 | AP31: 0.2 | AQ31: 森山 | AR31: 100 | AS31: 10 | AT31: =ROUND((AR31-AS31)*AU31,0) -> 27 | AU31: 0.3 | AV31: 森山 | AW31: 100 | AX31: 10 | AY31: =ROUND((AW31-AX31)*AZ31,0) -> 36 | AZ31: 0.4 | BA31: 森山 | BB31: 100 | BC31: 10 | BD31: =ROUND((BB31-BC31)*BE31,0) -> 45 | BE31: 0.5 | BF31: 森山 | BG31: 100 | BH31: 10 | BI31: =ROUND((BG31-BH31)*BJ31,0) -> 54 | BJ31: 0.6 | BK31: 森山 | BL31: 100 | BM31: 10 | BN31: =ROUND((BL31-BM31)*BO31,0) -> 54 | BO31: 0.6
W33: 4月 | AB33: 5月 | AG33: 6月 | AL33: 7月 | AQ33: 8月 | AV33: 9月 | BA33: 10月 | BF33: 11月 | BK33: 12月
W34: 合計人数 | X34: 実働時間 | Y34: 相続対応 | Z34: 実働×熟 | AA34: 熟練度平均 | AB34: 合計人数 | AC34: 実働時間 | AD34: 相続対応 | AE34: 実働×熟 | AF34: 熟練度平均 | AG34: 合計人数 | AH34: 実働時間 | AI34: 相続対応 | AJ34: 実働×熟 | AK34: 熟練度平均 | AL34: 合計人数 | AM34: 実働時間 | AN34: 相続対応 | AO34: 実働×熟 | AP34: 熟練度平均 | AQ34: 合計人数 | AR34: 実働時間 | AS34: 相続対応 | AT34: 実働×熟 | AU34: 熟練度平均 | AV34: 合計人数 | AW34: 実働時間 | AX34: 相続対応 | AY34: 実働×熟 | AZ34: 熟練度平均 | BA34: 合計人数 | BB34: 実働時間 | BC34: 相続対応 | BD34: 実働×熟 | BE34: 熟練度平均 | BF34: 合計人数 | BG34: 実働時間 | BH34: 相続対応 | BI34: 実働×熟 | BJ34: 熟練度平均 | BK34: 合計人数 | BL34: 実働時間 | BM34: 相続対応 | BN34: 実働×熟 | BO34: 熟練度平均
C35: =COUNTA(C16:C31) -> 11 | D35: =SUM(D16:D31) -> 1885 | E35: =SUM(E16:E31) -> 198 | F35: =SUM(F16:F31) -> 1186 | G35: =AVERAGE(G16:G31) -> 0.7 | H35: =COUNTA(H16:H31) -> 12 | I35: =SUM(I16:I31) -> 2085 | J35: =SUM(J16:J31) -> 198 | K35: =SUM(K16:K31) -> 1200 | L35: =AVERAGE(L16:L31) -> 0.70909091 | M35: =COUNTA(M16:M31) -> 12 | N35: =SUM(N16:N31) -> 2085 | O35: =SUM(O16:O31) -> 198 | P35: =SUM(P16:P31) -> 1220 | Q35: =AVERAGE(Q16:Q31) -> 0.65833333 | R35: =COUNTA(R16:R31) -> 12 | S35: =SUM(S16:S31) -> 2085 | T35: =SUM(T16:T31) -> 198 | U35: =SUM(U16:U31) -> 1255 | V35: =AVERAGE(V16:V31) -> 0.675 | W35: =COUNTA(W16:W31) -> 15 | X35: =SUM(X16:X31) -> 2485 | Y35: =SUM(Y16:Y31) -> 258 | Z35: =SUM(Z16:Z31) -> 1444 | AA35: =AVERAGE(AA16:AA31) -> 0.62333333 | AB35: =COUNTA(AB16:AB31) -> 16 | AC35: =SUM(AC16:AC31) -> 2615 | AD35: =SUM(AD16:AD31) -> 258 | AE35: =SUM(AE16:AE31) -> 1614 | AF35: =AVERAGE(AF16:AF31) -> 0.665625 | AG35: =COUNTA(AG16:AG31) -> 16 | AH35: =SUM(AH16:AH31) -> 2615 | AI35: =SUM(AI16:AI31) -> 262 | AJ35: =SUM(AJ16:AJ31) -> 1662 | AK35: =AVERAGE(AK16:AK31) -> 0.684375 | AL35: =COUNTA(AL16:AL31) -> 16 | AM35: =SUM(AM16:AM31) -> 2615 | AN35: =SUM(AN16:AN31) -> 262 | AO35: =SUM(AO16:AO31) -> 1682 | AP35: =AVERAGE(AP16:AP31) -> 0.696875 | AQ35: =COUNTA(AQ16:AQ31) -> 16 | AR35: =SUM(AR16:AR31) -> 2615 | AS35: =SUM(AS16:AS31) -> 282 | AT35: =SUM(AT16:AT31) -> 1700 | AU35: =AVERAGE(AU16:AU31) -> 0.71875 | AV35: =COUNTA(AV16:AV31) -> 15 | AW35: =SUM(AW16:AW31) -> 2450 | AX35: =SUM(AX16:AX31) -> 278 | AY35: =SUM(AY16:AY31) -> 1510 | AZ35: =AVERAGE(AZ16:AZ31) -> 0.71333333 | BA35: =COUNTA(BA16:BA31) -> 15 | BB35: =SUM(BB16:BB31) -> 2450 | BC35: =SUM(BC16:BC31) -> 278 | BD35: =SUM(BD16:BD31) -> 1610 | BE35: =AVERAGE(BE16:BE31) -> 0.73333333 | BF35: =COUNTA(BF16:BF31) -> 15 | BG35: =SUM(BG16:BG31) -> 2450 | BH35: =SUM(BH16:BH31) -> 278 | BI35: =SUM(BI16:BI31) -> 1635 | BJ35: =AVERAGE(BJ16:BJ31) -> 0.75 | BK35: =COUNTA(BK16:BK31) -> 15 | BL35: =SUM(BL16:BL31) -> 2450 | BM35: =SUM(BM16:BM31) -> 278 | BN35: =SUM(BN16:BN31) -> 1651 | BO35: =AVERAGE(BO16:BO31) -> 0.75666667

Sheet 受注推移2
A1: 受注マンパワー推移2026
C2: 12月 | E2: 1月 | G2: 2月 | I2: 3月 | K2: 4月 | M2: 5月 | O2: 6月 | Q2: 7月 | S2: 8月 | U2: 9月 | W2: 10月 | Y2: 11月 | AA2: 12月
A3: 適正人数 | C3: 16 | E3: 16 | G3: 16 | I3: 16 | K3: 18 | M3: 18 | O3: 18 | Q3: 20 | S3: 20 | U3: 20 | W3: 20 | Y3: 20 | AA3: 20
A4: 受注担当 | C4: =C38 -> 14 | E4: =E38 -> 14 | G4: =G38 -> 15 | I4: =I38 -> 15 | K4: =K38 -> 14 | M4: =M38 -> 15 | O4: =O38 -> 15 | Q4: =Q38 -> 17 | S4: =S38 -> 18 | U4: =U38 -> 18 | W4: =W38 -> 18 | Y4: =Y38 -> 20 | AA4: =AA38 -> 20
A5: 差異 | C5: =C3-C4 -> 2 | E5: =E4-E3 -> -2 | G5: =G4-G3 -> -1 | I5: =I4-I3 -> -1 | K5: =K4-K3 -> -4 | M5: =M4-M3 -> -3 | O5: =O4-O3 -> -3 | Q5: =Q4-Q3 -> -3 | S5: =S4-S3 -> -2 | U5: =U4-U3 -> -2 | W5: =W4-W3 -> -2 | Y5: =Y4-Y3 -> 0 | AA5: =AA4-AA3 -> 0
J6: 受注人数不足
A7: 売上目標（士業C） | E7: 65014400 | G7: 62865000 | I7: 63864900 | K7: 62180800 | M7: 64158600 | O7: 63621800 | Q7: 64871400 | S7: 60713000 | U7: 61365000 | W7: 61691000 | Y7: 63647000 | AA7: 61677000
A8: 売上目標（士業必達） | E8: 59104000 | G8: 57150000 | I8: 58059000 | K8: 56528000 | M8: 58326000 | O8: 57838000 | Q8: 58974000 | S8: 55193636 | U8: 55786364 | W8: 56082727 | Y8: 57860909 | AA8: 56070000
A9: 面談総数 | E9: =F38 -> 221 | G9: =H38 -> 235 | I9: =J38 -> 233 | K9: =L38 -> 233 | M9: =N38 -> 245 | O9: =P38 -> 257 | Q9: =R38 -> 271 | S9: =T38 -> 269 | U9: =V38 -> 281 | W9: =X38 -> 282 | Y9: =Z38 -> 295 | AA9: =AB38 -> 280
A10: 平均面談総数 | K10: =ROUND(AVERAGE(L16:L29),0) -> 16 | M10: =ROUND(AVERAGE(N16:N30),0) -> 16 | O10: =ROUND(AVERAGE(P16:P31),0) -> 15 | Q10: =ROUND(AVERAGE(R16:R33),0) -> 15 | S10: =ROUND(AVERAGE(T16:T33),0) -> 14 | U10: =ROUND(AVERAGE(V16:V34),0) -> 15 | W10: =ROUND(AVERAGE(X16:X34),0) -> 15 | Y10: =ROUND(AVERAGE(Z16:Z34),0) -> 15 | AA10: =ROUND(AVERAGE(AB22:AB36),0) -> 12
A11: 最多面談数 | E11: =MAX(F16:F37) -> 22 | G11: =MAX(H16:H37) -> 23 | I11: =MAX(J16:J37) -> 23 | K11: =MAX(L16:L37) -> 21 | M11: =MAX(N16:N37) -> 21 | O11: =MAX(P16:P37) -> 20 | Q11: =MAX(R16:R37) -> 22 | S11: =MAX(T16:T37) -> 20 | U11: =MAX(V16:V37) -> 20 | W11: =MAX(X16:X37) -> 20 | Y11: =MAX(Z16:Z37) -> 20 | AA11: =MAX(AB16:AB37) -> 20
A13: 受注候補 | C13: =C49 -> 0 | E13: =E49 -> 5 | G13: =G49 -> 4 | I13: =I49 -> 4 | K13: =K49 -> 6 | M13: =M49 -> 5 | O13: =O49 -> 4 | Q13: =Q49 -> 4 | S13: =S49 -> 3 | U13: =U49 -> 4 | W13: =W49 -> 4 | Y13: =Y49 -> 2 | AA13: =AA49 -> 2
A15: 個別面談件数 | C15: 12月 | E15: 1月 | G15: 2月 | I15: 3月 | K15: 4月 | M15: 5月 | O15: 6月 | Q15: 7月 | S15: 8月 | U15: 9月 | W15: 10月 | Y15: 11月 | AA15: 12月
C16: 山田 | D16: 200 | E16: 山田 | F16: 22 | G16: 山田 | H16: 22 | I16: 山田 | J16: 17 | K16: 山田 | L16: 20 | M16: 山田 | N16: 21 | O16: 山田 | P16: 20 | Q16: 山田 | R16: 19 | S16: 山田 | T16: 18 | U16: 山田 | V16: 19 | W16: 山田 | X16: 19 | Y16: 山田 | Z16: 19 | AA16: 山田 | AB16: 17
C17: 嶋津 | D17: 200 | E17: 嶋津 | F17: 17 | G17: 嶋津 | H17: 19 | I17: 嶋津 | J17: 17 | K17: 嶋津 | L17: 15 | M17: 嶋津 | N17: 15 | O17: 嶋津 | P17: 15 | Q17: 嶋津 | R17: 15 | S17: 嶋津 | T17: 14 | U17: 嶋津 | V17: 15 | W17: 嶋津 | X17: 15 | Y17: 嶋津 | Z17: 15 | AA17: 嶋津 | AB17: 13
C18: 五十嵐 | D18: 200 | E18: 五十嵐 | F18: 5 | G18: 五十嵐 | H18: 8 | I18: 五十嵐 | J18: 7 | K18: 五十嵐 | L18: 12 | M18: 五十嵐 | N18: 12 | O18: 五十嵐 | P18: 12 | Q18: 五十嵐 | R18: 10 | S18: 五十嵐 | T18: 10 | U18: 五十嵐 | V18: 10 | W18: 五十嵐 | X18: 10 | Y18: 五十嵐 | Z18: 10 | AA18: 五十嵐 | AB18: 10
C19: 渡邉 | D19: 200 | E19: 渡邉 | F19: 22 | G19: 渡邉 | H19: 22 | I19: 渡邉 | J19: 23 | K19: 渡邉 | L19: 21 | M19: 渡邉 | N19: 21 | O19: 渡邉 | P19: 20 | Q19: 渡邉 | R19: 19 | S19: 渡邉 | T19: 18 | U19: 渡邉 | V19: 19 | W19: 渡邉 | X19: 19 | Y19: 渡邉 | Z19: 19 | AA19: 渡邉 | AB19: 17
C20: 梅澤 | D20: 200 | E20: 梅澤 | F20: 22 | G20: 梅澤 | H20: 23 | I20: 梅澤 | J20: 23 | K20: 梅澤 | L20: 21 | M20: 梅澤 | N20: 21 | O20: 梅澤 | P20: 20 | Q20: 梅澤 | R20: 19 | S20: 梅澤 | T20: 18 | U20: 梅澤 | V20: 19 | W20: 梅澤 | X20: 19 | Y20: 梅澤 | Z20: 19 | AA20: 梅澤 | AB20: 17
C21: 齋藤 | D21: 200 | E21: 齋藤 | F21: 22 | G21: 齋藤 | H21: 23 | I21: 齋藤 | J21: 23 | K21: 齋藤 | L21: 21 | M21: 齋藤 | N21: 21
C22: 藤田 | D22: 130 | E22: 藤田 | F22: 7 | G22: 藤田 | H22: 8 | I22: 藤田 | J22: 8 | K22: 藤田 | L22: 8 | M22: 藤田 | N22: 7 | O22: 藤田 | P22: 7 | Q22: 藤田 | R22: 7 | S22: 藤田 | T22: 7 | U22: 藤田 | V22: 6 | W22: 藤田 | X22: 7 | Y22: 藤田 | Z22: 7 | AA22: 藤田 | AB22: 6
C23: 馬場 | D23: 200 | E23: 馬場 | F23: 22 | G23: 馬場 | H23: 22 | I23: 馬場 | J23: 23 | K23: 馬場 | L23: 21 | M23: 馬場 | N23: 21 | O23: 馬場 | P23: 20 | Q23: 馬場 | R23: 19 | S23: 馬場 | T23: 18 | U23: 馬場 | V23: 19 | W23: 馬場 | X23: 19 | Y23: 馬場 | Z23: 19 | AA23: 馬場 | AB23: 17
C24: 角田 | D24: 200 | E24: 角田 | F24: 22 | G24: 角田 | H24: 23 | I24: 角田 | J24: 23 | K24: 角田 | L24: 21 | M24: 角田 | N24: 21 | O24: 角田 | P24: 20 | Q24: 角田 | R24: 19 | S24: 角田 | T24: 18 | U24: 角田 | V24: 19 | W24: 角田 | X24: 19 | Y24: 角田 | Z24: 19 | AA24: 角田 | AB24: 17
C25: 山崎 | D25: 200 | E25: 山崎 | F25: 18 | G25: 山崎 | H25: 22 | I25: 山崎 | J25: 23 | K25: 山崎 | L25: 21 | M25: 山崎 | N25: 21 | O25: 山崎 | P25: 20 | Q25: 山崎 | R25: 15 | S25: 山崎 | T25: 12 | U25: 山崎 | V25: 12 | W25: 山崎 | X25: 12 | Y25: 山崎 | Z25: 12 | AA25: 山崎 | AB25: 10
C26: 森谷 | D26: 200 | E26: 森谷 | F26: 8 | G26: 森谷 | H26: 10 | I26: 森谷 | J26: 10 | K26: 森谷 | L26: 10 | M26: 森谷 | N26: 10 | O26: 森谷 | P26: 10 | Q26: 森谷 | R26: 10 | S26: 森谷 | T26: 10 | U26: 森谷 | V26: 10 | W26: 森谷 | X26: 10 | Y26: 森谷 | Z26: 10 | AA26: 森谷 | AB26: 10
C27: 新井 | D27: 100 | E27: 新井 | F27: 8 | G27: 新井 | H27: 6 | I27: 新井 | J27: 6 | K27: 新井 | L27: 10 | M27: 新井 | N27: 10 | O27: 新井 | P27: 4 | Q27: 新井 | R27: 6 | S27: 新井 | T27: 6 | U27: 新井 | V27: 6 | W27: 新井 | X27: 6 | Y27: 新井 | Z27: 6 | AA27: 新井 | AB27: 6
C28: 花井 | D28: 200 | E28: 花井 | F28: 22 | G28: 花井 | H28: 23 | I28: 花井 | J28: 23 | K28: 花井 | L28: 21 | M28: 花井 | N28: 21 | O28: 花井 | P28: 20 | Q28: 花井 | R28: 19 | S28: 花井 | T28: 18 | U28: 花井 | V28: 19 | W28: 花井 | X28: 19 | Y28: 花井 | Z28: 19 | AA28: 花井 | AB28: 18
A29: 受注同席あり→青字 | C29: 杉原 | D29: 110 | E29: 杉原 | F29: 4 | G29: 杉原 | H29: 4 | I29: 杉原 | J29: 4 | K29: 杉原 | L29: 6 | M29: 杉原 | N29: 7 | O29: 杉原 | P29: 6 | Q29: 杉原 | R29: 6 | S29: 杉原 | T29: 6 | U29: 杉原 | V29: 6 | W29: 杉原 | X29: 6 | Y29: 杉原 | Z29: 6 | AA29: 杉原 | AB29: 5
A30: ※受注としてのカウント無 | G30: 加藤 | H30: 0 | I30: 加藤 | J30: 3 | K30: 加藤 | L30: 5 | M30: 加藤 | N30: 10 | O30: 加藤 | P30: 16 | Q30: 加藤 | R30: 16 | S30: 加藤 | T30: 15 | U30: 加藤 | V30: 15 | W30: 加藤 | X30: 15 | Y30: 加藤 | Z30: 15 | AA30: 加藤 | AB30: 13
A31: 単独デビュー後→黒字 | M31: 上村 | N31: 6 | O31: 上村 | P31: 15 | Q31: 上村 | R31: 22 | S31: 上村 | T31: 20 | U31: 上村 | V31: 19 | W31: 上村 | X31: 19 | Y31: 上村 | Z31: 19 | AA31: 上村 | AB31: 17
O32: 鎌田 | P32: 6 | Q32: 鎌田 | R32: 15 | S32: 鎌田 | T32: 15 | U32: 鎌田 | V32: 15 | W32: 鎌田 | X32: 15 | Y32: 鎌田 | Z32: 15 | AA32: 鎌田 | AB32: 13
O33: 登坂 | P33: 6 | Q33: 登坂 | R33: 15 | S33: 登坂 | T33: 20 | U33: 登坂 | V33: 18 | W33: 登坂 | X33: 18 | Y33: 登坂 | Z33: 19 | AA33: 登坂 | AB33: 17
O34: 齋藤さん分 | P34: 20 | Q34: 齋藤さん分 | R34: 20 | S34: 市川 | T34: 6 | U34: 市川 | V34: 15 | W34: 市川 | X34: 15 | Y34: 市川 | Z34: 15 | AA34: 市川 | AB34: 13
S35: 齋藤さん分 | T35: 20 | U35: 齋藤さん分 | V35: 20 | W35: 齋藤さん分 | X35: 20 | Y35: 太田 | Z35: 6 | AA35: 太田 | AB35: 12
Y36: 西原 | Z36: 6 | AA36: 西原 | AB36: 12
Y37: 齋藤さん分 | Z37: 20 | AA37: 齋藤さん分 | AB37: 20
C38: =COUNTA(C16:C37) -> 14 | D38: =SUM(D16:D37) -> 2540 | E38: =COUNTA(E16:E37) -> 14 | F38: =SUM(F16:F37) -> 221 | G38: =COUNTA(G16:G37) -> 15 | H38: =SUM(H16:H37) -> 235 | I38: =COUNTA(I16:I37) -> 15 | J38: =SUM(J16:J37) -> 233 | K38: =COUNTA(K16:K29) -> 14 | L38: =SUM(L16:L37) -> 233 | M38: =COUNTA(M16:M30) -> 15 | N38: =SUM(N16:N37) -> 245 | O38: =COUNTA(O16:O31) -> 15 | P38: =SUM(P16:P37) -> 257 | Q38: =COUNTA(Q16:Q33) -> 17 | R38: =SUM(R16:R37) -> 271 | S38: =COUNTA(S16:S34) -> 18 | T38: =SUM(T16:T37) -> 269 | U38: =COUNTA(U16:U34) -> 18 | V38: =SUM(V16:V37) -> 281 | W38: =COUNTA(W16:W34) -> 18 | X38: =SUM(X16:X37) -> 282 | Y38: =COUNTA(Y16:Y36) -> 20 | Z38: =SUM(Z16:Z37) -> 295 | AA38: =COUNTA(AA16:AA36) -> 20 | AB38: =SUM(AB16:AB37) -> 280
O39: 齋藤さん分 +20件要調整
A40: 受注候補 | C40: 12月 | E40: 1月 | G40: 2月 | I40: 3月 | K40: 4月 | M40: 5月 | O40: 6月 | Q40: 7月 | S40: 8月 | U40: 9月 | W40: 10月 | Y40: 11月 | AA40: 12月
E41: 森下
C42: 上村 | D42: 200 | E42: 加藤 | G42: 鎌田 | I42: 鎌田 | K42: 鎌田 | M42: 鎌田 | O42: 市川 | Q42: 市川 | S42: 太田 | U42: 太田 | W42: 太田 | Y42: 酒井 | AA42: 酒井
E43: 上村 | G43: 上村 | I43: 上村 | K43: 上村 | M43: 登坂 | O43: 太田 | Q43: 太田 | S43: 西原 | U43: 西原 | W43: 西原 | Y43: 桒原 | AA43: 桒原
E44: 登坂 | G44: 登坂 | I44: 登坂 | K44: 登坂 | M44: 市川 | O44: 西原 | Q44: 西原 | S44: 酒井 | U44: 酒井 | W44: 酒井
E45: 市川 | G45: 市川 | I45: 市川 | K45: 市川 | M45: 太田 | O45: 酒井 | Q45: 酒井 | U45: 桒原 | W45: 桒原
K46: 太田 | M46: 西原
K47: 西原
E49: =COUNTA(E41:E48) -> 5 | G49: =COUNTA(G41:G48) -> 4 | I49: =COUNTA(I41:I48) -> 4 | K49: =COUNTA(K41:K48) -> 6 | M49: =COUNTA(M41:M48) -> 5 | O49: =COUNTA(O41:O48) -> 4 | Q49: =COUNTA(Q41:Q48) -> 4 | S49: =COUNTA(S41:S48) -> 3 | U49: =COUNTA(U41:U48) -> 4 | W49: =COUNTA(W41:W48) -> 4 | Y49: =COUNTA(Y41:Y48) -> 2 | AA49: =COUNTA(AA41:AA48) -> 2
U51: 総合職→200ｈ 一般職→165h 時短→ 130ｈ
K52: ★受注デビュー後も1年間はWEB経由の面談に月1～2件同席し、そのまま管理として担当する方針

Sheet 顧客管理
A1: 顧客管理マンパワー推移2026
C2: 12月 | G2: 1月 | K2: 2月 | Q2: 3月 | S2: 4月 | X2: 5月 | AC2: 6月 | AH2: 7月 | AM2: 8月 | AR2: 9月 | AW2: 10月 | BB2: 11月 | BG2: 12月
A3: 適正人数 | C3: 25 | S3: =ROUND((受注推移2!E4*1.3),0) -> 18 | X3: =ROUND((受注推移2!M4*1.3),0) -> 20 | AC3: =ROUND((受注推移2!O4*1.3),0) -> 20 | AH3: =ROUND((受注推移2!Q4*1.3),0) -> 22 | AM3: =ROUND((受注推移2!S4*1.3),0) -> 23 | AR3: =ROUND((受注推移2!U4*1.3),0) -> 23 | AW3: =ROUND((受注推移2!W4*1.3),0) -> 23 | BB3: =ROUND((受注推移2!W4*1.3),0) -> 23 | BG3: =ROUND((受注推移2!AA4*1.3),0) -> 26
A4: 担当者数 | C4: =#REF! -> #REF! | G4: =#REF! -> #REF! | K4: =#REF! -> #REF! | Q4: =#REF! -> #REF! | S4: =S81 -> 28 | X4: =X81 -> 29 | AC4: =AC81 -> 30 | AH4: =ROUND(AH81,0) -> 29 | AM4: =ROUND(AM81,0) -> 28 | AR4: =ROUND(AR81,0) -> 28 | AW4: =ROUND(AW81,0) -> 28 | BB4: =ROUND(BB81,0) -> 28 | BG4: =ROUND(BG81,0) -> 28
A5: 差異 | C5: =C4-C3 -> #REF! | G5: =G4-G3 -> #REF! | K5: =K4-K3 -> #REF! | Q5: =Q4-Q3 -> #REF! | S5: =S4-S3 -> 10 | X5: =X4-X3 -> 9 | AC5: =AC4-AC3 -> 10 | AH5: =AH4-AH3 -> 7 | AM5: =AM4-AM3 -> 5 | AR5: =AR4-AR3 -> 5 | AW5: =AW4-AW3 -> 5 | BB5: =BB4-BB3 -> 5 | BG5: =BG4-BG3 -> 2
A6: 実働×熟練度 | C6: =#REF! -> #REF! | G6: =#REF! -> #REF! | K6: =#REF! -> #REF! | Q6: =#REF! -> #REF! | S6: =ROUND(U81,0) -> 2490 | X6: =ROUND(Z81,0) -> 2633 | AC6: =ROUND(AE81,0) -> 2876 | AH6: =ROUND(AJ81,0) -> 2973 | AM6: =ROUND(AO81,0) -> 3028 | AR6: =ROUND(AT81,0) -> 3148 | AW6: =ROUND(AY81,0) -> 3436 | BB6: =ROUND(BD81,0) -> 3591 | BG6: =ROUND(BI81,0) -> 3567
C7: 管理人数不足 | S7: 熟練度低
C8: 受注担当内訳
A9: 相続事業部 | C9: 12月 | G9: 1月 | K9: 2月 | Q9: 3月 | S9: 4月 | X9: 5月 | AC9: 6月 | AH9: 7月 | AM9: 8月 | AR9: 9月 | AW9: 10月 | BB9: 11月 | BG9: 12月
C10: 担当者名 | D10: 稼働時間 | E10: 管理件数 | F10: 熟練度 | G10: 担当者名 | H10: 稼働時間 | I10: 管理件数 | J10: 熟練度 | K10: 担当者名 | L10: 稼働時間 | M10: 管理件数 | N10: 熟練度 | O10: 担当者名 | P10: 稼働時間 | Q10: 管理件数 | R10: 熟練度 | S10: 担当者名 | T10: 実働 | U10: ×熟練度 | V10: 管理件数 | W10: 熟練度 | X10: 担当者名 | Y10: 稼働時間 | Z10: ×熟練度 | AA10: 管理件数 | AB10: 熟練度 | AC10: 担当者名 | AD10: 稼働時間 | AE10: ×熟練度 | AF10: 管理件数 | AG10: 熟練度 | AH10: 担当者名 | AI10: 稼働時間 | AJ10: ×熟練度 | AK10: 管理件数 | AL10: 熟練度 | AM10: 担当者名 | AN10: 稼働時間 | AO10: ×熟練度 | AP10: 管理件数 | AQ10: 熟練度 | AR10: 担当者名 | AS10: 稼働時間 | AT10: ×熟練度 | AU10: 管理件数 | AV10: 熟練度 | AW10: 担当者名 | AX10: 稼働時間 | AY10: ×熟練度 | AZ10: 管理件数 | BA10: 熟練度 | BB10: 担当者名 | BC10: 稼働時間 | BD10: ×熟練度 | BE10: 管理件数 | BF10: 熟練度 | BG10: 担当者名 | BH10: 稼働時間 | BI10: ×熟練度 | BJ10: 管理件数 | BK10: 熟練度
B11: 馬場T | C11: 渡部 | D11: 200h | F11: 0.95 | G11: 渡部 | H11: 200h | J11: 0.95 | K11: 渡部 | L11: 200h | N11: 0.95 | O11: 渡部 | P11: 200h | R11: 0.95 | S11: 渡部 | T11: 200 | U11: =ROUND(T11*W11,0) -> 190 | V11: 53 | W11: 0.95 | X11: 渡部 | Y11: 200 | Z11: =Y11*AB11 -> 190 | AA11: 53 | AB11: 0.95 | AC11: 渡部 | AD11: 200 | AE11: =ROUND(AD11*AG11,0) -> 190 | AF11: 40 | AG11: 0.95 | AH11: 渡部 | AI11: 200 | AJ11: =ROUND(AI11*AL11,0) -> 190 | AK11: 40 | AL11: 0.95 | AM11: 渡部 | AN11: 200 | AO11: =ROUND(AN11*AQ11,0) -> 190 | AP11: 40 | AQ11: 0.95 | AR11: 渡部 | AS11: 200 | AT11: =ROUND(AS11*AV11,0) -> 190 | AU11: 40 | AV11: 0.95 | AW11: 渡部 | AX11: 200 | AY11: =AX11*BA11 -> 190 | AZ11: 40 | BA11: 0.95 | BB11: 渡部 | BC11: 200 | BD11: =BC11*BF11 -> 190 | BE11: 40 | BF11: 0.95 | BG11: 渡部 | BH11: 200 | BI11: =BH11*BK11 -> 190 | BJ11: 40 | BK11: 0.95
C12: 宮川 | D12: 165h | F12: 0.75 | G12: 宮川 | H12: 165h | J12: 0.75 | K12: 宮川 | L12: 165h | N12: 0.75 | O12: 宮川 | P12: 165h | R12: 0.75 | S12: 宮川 | T12: 165 | U12: =ROUND(T12*W12,0) -> 124 | V12: 45 | W12: 0.75 | X12: 宮川 | Y12: 165 | Z12: =Y12*AB12 -> 123.75 | AA12: 45 | AB12: 0.75 | AC12: 宮川 | AD12: 165 | AE12: =ROUND(AD12*AG12,0) -> 124 | AF12: 45 | AG12: 0.75 | AH12: 宮川 | AI12: 165 | AJ12: =ROUND(AI12*AL12,0) -> 132 | AK12: 45 | AL12: 0.8 | AM12: 宮川 | AN12: 165 | AO12: =ROUND(AN12*AQ12,0) -> 132 | AP12: 45 | AQ12: 0.8 | AR12: 宮川 | AS12: 165 | AT12: =ROUND(AS12*AV12,0) -> 132 | AU12: 45 | AV12: 0.8 | AW12: 宮川 | AX12: 165 | AY12: =AX12*BA12 -> 140.25 | AZ12: 45 | BA12: 0.85 | BB12: 宮川 | BC12: 165 | BD12: =BC12*BF12 -> 140.25 | BE12: 45 | BF12: 0.85 | BG12: 宮川 | BH12: 165 | BI12: =BH12*BK12 -> 140.25 | BJ12: 45 | BK12: 0.85
C13: 守友 | D13: 100h | F13: 0.2 | G13: 守友 | H13: 100h | J13: 0.2 | K13: 守友 | L13: 100h | N13: 0.2 | O13: 守友 | P13: 100h | R13: 0.2 | S13: 守友 | T13: 100 | U13: =ROUND(T13*W13,0) -> 20 | V13: 20 | W13: 0.2 | X13: 守友 | Y13: 100 | Z13: =Y13*AB13 -> 25 | AA13: 20 | AB13: 0.25 | AC13: 守友 | AD13: 100 | AE13: =ROUND(AD13*AG13,0) -> 30 | AF13: 20 | AG13: 0.3 | AH13: 守友 | AI13: 100 | AJ13: =ROUND(AI13*AL13,0) -> 35 | AK13: 20 | AL13: 0.35 | AM13: 守友 | AN13: 100 | AO13: =ROUND(AN13*AQ13,0) -> 40 | AP13: 25 | AQ13: 0.4 | AR13: 守友 | AS13: 100 | AT13: =ROUND(AS13*AV13,0) -> 45 | AU13: 30 | AV13: 0.45 | AW13: 守友 | AX13: 100 | AY13: =AX13*BA13 -> 55 | AZ13: 35 | BA13: 0.55 | BB13: 守友 | BC13: 100 | BD13: =BC13*BF13 -> 60 | BE13: 40 | BF13: 0.6 | BG13: 守友 | BH13: 100 | BI13: =BH13*BK13 -> 65 | BJ13: 45 | BK13: 0.65
B14: 藤沢 | C14: 井澤 | D14: 130h | F14: 1 | G14: 井澤 | H14: 130h | J14: 1 | K14: 井澤 | L14: 130h | N14: 1 | O14: 井澤 | P14: 130h | R14: 1 | S14: 井澤 | T14: 130 | U14: =ROUND(T14*W14,0) -> 130 | V14: 29 | W14: 1 | X14: 井澤 | Y14: 130 | Z14: =Y14*AB14 -> 130 | AA14: 29 | AB14: 1 | AC14: 井澤 | AD14: 130 | AE14: =ROUND(AD14*AG14,0) -> 130 | AF14: 29 | AG14: 1 | AH14: 井澤 | AI14: 130 | AJ14: =ROUND(AI14*AL14,0) -> 130 | AK14: 29 | AL14: 1 | AM14: 井澤 | AN14: 130 | AO14: =ROUND(AN14*AQ14,0) -> 130 | AP14: 29 | AQ14: 1 | AR14: 井澤 | AS14: 130 | AT14: =ROUND(AS14*AV14,0) -> 130 | AU14: 29 | AV14: 1 | AW14: 井澤 | AX14: 130 | AY14: =AX14*BA14 -> 130 | AZ14: 29 | BA14: 1 | BB14: 井澤 | BC14: 130 | BD14: =BC14*BF14 -> 130 | BE14: 29 | BF14: 1 | BG14: 井澤 | BH14: 130 | BI14: =BH14*BK14 -> 130 | BJ14: 29 | BK14: 1
B15: 渡邉T | C15: 栗田 | D15: 100h | F15: 0.95 | G15: 栗田 | H15: 100h | J15: 0.95 | K15: 栗田 | L15: 100h | N15: 0.95 | O15: 栗田 | P15: 100h | R15: 0.95 | S15: 栗田 | T15: 100 | U15: =ROUND(T15*W15,0) -> 95 | V15: 40 | W15: 0.95 | X15: 栗田 | Y15: 100 | Z15: =Y15*AB15 -> 95 | AA15: 40 | AB15: 0.95 | AC15: 栗田 | AD15: 100 | AE15: =ROUND(AD15*AG15,0) -> 95 | AF15: 30 | AG15: 0.95 | AH15: 栗田 | AI15: 100 | AJ15: =ROUND(AI15*AL15,0) -> 95 | AK15: 25 | AL15: 0.95 | AM15: 栗田 | AN15: 100 | AO15: =ROUND(AN15*AQ15,0) -> 95 | AP15: 20 | AQ15: 0.95 | AR15: 栗田 | AS15: 100 | AT15: =ROUND(AS15*AV15,0) -> 95 | AU15: 20 | AV15: 0.95 | AW15: 栗田 | AX15: 100 | AY15: =AX15*BA15 -> 95 | AZ15: 20 | BA15: 0.95 | BB15: 栗田 | BC15: 100 | BD15: =BC15*BF15 -> 95 | BE15: 20 | BF15: 0.95 | BG15: 栗田 | BH15: 100 | BI15: =BH15*BK15 -> 95 | BJ15: 20 | BK15: 0.95
C16: 上田 | D16: 200h | F16: 0.85 | G16: 上田 | H16: 200h | J16: 0.85 | K16: 上田 | L16: 200h | N16: 0.85 | O16: 上田 | P16: 200h | R16: 0.85 | S16: 上田 | T16: 220 | U16: =ROUND(T16*W16,0) -> 187 | V16: 53 | W16: 0.85 | X16: 上田 | Y16: 220 | Z16: =Y16*AB16 -> 187 | AA16: 53 | AB16: 0.85 | AC16: 上田 | AD16: 220 | AE16: =ROUND(AD16*AG16,0) -> 187 | AF16: 53 | AG16: 0.85 | AH16: 上田 | AI16: 200 | AJ16: =ROUND(AI16*AL16,0) -> 180 | AK16: 53 | AL16: 0.9 | AM16: 上田 | AN16: 200 | AO16: =ROUND(AN16*AQ16,0) -> 180 | AP16: 53 | AQ16: 0.9 | AR16: 上田 | AS16: 200 | AT16: =ROUND(AS16*AV16,0) -> 180 | AU16: 53 | AV16: 0.9 | AW16: 上田 | AX16: 200 | AY16: =AX16*BA16 -> 190 | AZ16: 53 | BA16: 0.95 | BB16: 上田 | BC16: 200 | BD16: =BC16*BF16 -> 190 | BE16: 53 | BF16: 0.95 | BG16: 上田 | BH16: 200 | BI16: =BH16*BK16 -> 190 | BJ16: 53 | BK16: 0.95
C17: 根本 | D17: 165h | F17: 0.6 | G17: 根本 | H17: 165h | J17: 0.6 | K17: 根本 | L17: 165h | N17: 0.6 | O17: 根本 | P17: 165h | R17: 0.6 | S17: 根本 | T17: 165 | U17: =ROUND(T17*W17,0) -> 99 | V17: 39 | W17: 0.6 | X17: 根本 | Y17: 165 | Z17: =Y17*AB17 -> 99 | AA17: 39 | AB17: 0.6 | AC17: 根本 | AD17: 165 | AE17: =ROUND(AD17*AG17,0) -> 99 | AF17: 39 | AG17: 0.6 | AH17: 根本 | AI17: 165 | AJ17: =ROUND(AI17*AL17,0) -> 107 | AK17: 39 | AL17: 0.65 | AM17: 根本 | AN17: 165 | AO17: =ROUND(AN17*AQ17,0) -> 107 | AP17: 39 | AQ17: 0.65 | AR17: 根本 | AS17: 165 | AT17: =ROUND(AS17*AV17,0) -> 107 | AU17: 39 | AV17: 0.65 | AW17: 根本 | AX17: 165 | AY17: =AX17*BA17 -> 115.5 | AZ17: 39 | BA17: 0.7 | BB17: 根本 | BC17: 165 | BD17: =BC17*BF17 -> 115.5 | BE17: 39 | BF17: 0.7 | BG17: 根本 | BH17: 165 | BI17: =BH17*BK17 -> 115.5 | BJ17: 39 | BK17: 0.7
C18: 外所 | D18: 200h | F18: 0.2 | G18: 外所 | H18: 200h | J18: 0.2 | K18: 外所 | L18: 200h | N18: 0.2 | O18: 外所 | P18: 200h | R18: 0.2 | S18: 外所 | T18: 100 | U18: =ROUND(T18*W18,0) -> 20 | V18: 15 | W18: 0.2 | X18: 外所 | Y18: 120 | Z18: =Y18*AB18 -> 24 | AA18: 15 | AB18: 0.2 | AC18: 外所 | AD18: 160 | AE18: =ROUND(AD18*AG18,0) -> 48 | AF18: 15 | AG18: 0.3 | AH18: 外所 | AI18: 200 | AJ18: =ROUND(AI18*AL18,0) -> 70 | AK18: 20 | AL18: 0.35 | AM18: 外所 | AN18: 200 | AO18: =ROUND(AN18*AQ18,0) -> 80 | AP18: 25 | AQ18: 0.4 | AR18: 外所 | AS18: 200 | AT18: =ROUND(AS18*AV18,0) -> 90 | AU18: 30 | AV18: 0.45 | AW18: 外所 | AX18: 200 | AY18: =AX18*BA18 -> 110 | AZ18: 35 | BA18: 0.55 | BB18: 外所 | BC18: 200 | BD18: =BC18*BF18 -> 120 | BE18: 40 | BF18: 0.6 | BG18: 外所 | BH18: 200 | BI18: =BH18*BK18 -> 130 | BJ18: 45 | BK18: 0.65
B19: 山田T | C19: 安井 | D19: 200h | F19: 0.95 | G19: 安井 | H19: 200h | J19: 0.95 | K19: 安井 | L19: 200h | N19: 0.95 | O19: 安井 | P19: 200h | R19: 0.95 | S19: 安井 | T19: 200 | U19: =ROUND(T19*W19,0) -> 190 | V19: 60 | W19: 0.95 | X19: 安井 | Y19: 200 | Z19: =Y19*AB19 -> 190 | AA19: 60 | AB19: 0.95 | AC19: 安井 | AD19: 200 | AE19: =ROUND(AD19*AG19,0) -> 190 | AF19: 55 | AG19: 0.95 | AH19: 安井 | AI19: 200 | AJ19: =ROUND(AI19*AL19,0) -> 190 | AK19: 55 | AL19: 0.95 | AM19: 安井 | AN19: 200 | AO19: =ROUND(AN19*AQ19,0) -> 190 | AP19: 55 | AQ19: 0.95 | AR19: 安井 | AS19: 200 | AT19: =ROUND(AS19*AV19,0) -> 190 | AU19: 55 | AV19: 0.95 | AW19: 安井 | AX19: 200 | AY19: =AX19*BA19 -> 190 | AZ19: 50 | BA19: 0.95 | BB19: 安井 | BC19: 200 | BD19: =BC19*BF19 -> 190 | BE19: 50 | BF19: 0.95 | BG19: 安井 | BH19: 200 | BI19: =BH19*BK19 -> 190 | BJ19: 50 | BK19: 0.95
C20: 宮田 | D20: 200h | F20: 0.55 | G20: 宮田 | H20: 200h | J20: 0.55 | K20: 宮田 | L20: 200h | N20: 0.55 | O20: 宮田 | P20: 200h | R20: 0.55 | S20: 宮田 | T20: 200 | U20: =ROUND(T20*W20,0) -> 110 | V20: 58 | W20: 0.55 | X20: 宮田 | Y20: 200 | Z20: =Y20*AB20 -> 120 | AA20: 58 | AB20: 0.6 | AC20: 宮田 | AD20: 200 | AE20: =ROUND(AD20*AG20,0) -> 120 | AF20: 58 | AG20: 0.6 | AH20: 宮田 | AI20: 200 | AJ20: =ROUND(AI20*AL20,0) -> 130 | AK20: 55 | AL20: 0.65 | AM20: 宮田 | AN20: 200 | AO20: =ROUND(AN20*AQ20,0) -> 110 | AP20: 58 | AQ20: 0.55 | AR20: 宮田 | AS20: 200 | AT20: =ROUND(AS20*AV20,0) -> 130 | AU20: 55 | AV20: 0.65 | AW20: 宮田 | AX20: 200 | AY20: =AX20*BA20 -> 140 | AZ20: 50 | BA20: 0.7 | BB20: 宮田 | BC20: 200 | BD20: =BC20*BF20 -> 140 | BE20: 50 | BF20: 0.7 | BG20: 宮田 | BH20: 200 | BI20: =BH20*BK20 -> 150 | BJ20: 50 | BK20: 0.75
C21: 藤倉 | D21: 200h | F21: 0.3 | G21: 藤倉 | H21: 200h | J21: 0.3 | K21: 藤倉 | L21: 200h | N21: 0.3 | O21: 藤倉 | P21: 200h | R21: 0.3 | S21: 藤倉 | T21: 200 | U21: =ROUND(T21*W21,0) -> 40 | V21: 17 | W21: 0.2 | X21: 藤倉 | Y21: 200 | Z21: =Y21*AB21 -> 50 | AA21: 20 | AB21: 0.25 | AC21: 藤倉 | AD21: 200 | AE21: =ROUND(AD21*AG21,0) -> 60 | AF21: 25 | AG21: 0.3 | AH21: 藤倉 | AI21: 200 | AJ21: =ROUND(AI21*AL21,0) -> 70 | AK21: 30 | AL21: 0.35 | AM21: 藤倉 | AN21: 200 | AO21: =ROUND(AN21*AQ21,0) -> 80 | AP21: 30 | AQ21: 0.4 | AR21: 藤倉 | AS21: 200 | AT21: =ROUND(AS21*AV21,0) -> 90 | AU21: 35 | AV21: 0.45 | AW21: 藤倉 | AX21: 200 | AY21: =AX21*BA21 -> 110 | AZ21: 35 | BA21: 0.55 | BB21: 藤倉 | BC21: 200 | BD21: =BC21*BF21 -> 120 | BE21: 40 | BF21: 0.6 | BG21: 藤倉 | BH21: 200 | BI21: =BH21*BK21 -> 130 | BJ21: 45 | BK21: 0.65
S22: 間瀬 | T22: 200 | U22: =ROUND(T22*W22,0) -> 40 | V22: 10 | W22: 0.2 | X22: 間瀬 | Y22: 200 | Z22: =Y22*AB22 -> 50 | AA22: 10 | AB22: 0.25 | AC22: 間瀬 | AD22: 200 | AE22: =ROUND(AD22*AG22,0) -> 60 | AF22: 10 | AG22: 0.3 | AH22: 間瀬 | AI22: 200 | AJ22: =ROUND(AI22*AL22,0) -> 70 | AK22: 10 | AL22: 0.35 | AM22: 間瀬 | AN22: 200 | AO22: =ROUND(AN22*AQ22,0) -> 80 | AP22: 10 | AQ22: 0.4 | AR22: 間瀬 | AS22: 200 | AT22: =ROUND(AS22*AV22,0) -> 90 | AU22: 10 | AV22: 0.45 | AW22: 間瀬 | AX22: 200 | AY22: =AX22*BA22 -> 110 | AZ22: 10 | BA22: 0.55 | BB22: 間瀬 | BC22: 200 | BD22: =BC22*BF22 -> 120 | BE22: 10 | BF22: 0.6 | BG22: 間瀬 | BH22: 200 | BI22: =BH22*BK22 -> 130 | BJ22: 23 | BK22: 0.65
S23: 中田 | T23: 100 | U23: =ROUND(T23*W23,0) -> 0 | V23: 0 | W23: 0 | X23: 中田 | Y23: 70 | Z23: =Y23*AB23 -> 7 | AA23: 0 | AB23: 0.1 | AC23: 中田 | AD23: 30 | AE23: =ROUND(AD23*AG23,0) -> 6 | AF23: 0 | AG23: 0.2 | AH23: 中田 | AI23: 165 | AJ23: =ROUND(AI23*AL23,0) -> 50 | AK23: 3 | AL23: 0.3 | AM23: 中田 | AN23: 165 | AO23: =ROUND(AN23*AQ23,0) -> 66 | AP23: 6 | AQ23: 0.4 | AR23: 中田 | AS23: 165 | AT23: =ROUND(AS23*AV23,0) -> 83 | AU23: 8 | AV23: 0.5 | AW23: 中田 | AX23: 165 | AY23: =AX23*BA23 -> 99 | AZ23: 10 | BA23: 0.6 | BB23: 中田 | BC23: 165 | BD23: =BC23*BF23 -> 115.5 | BE23: 10 | BF23: 0.7 | BG23: 中田 | BH23: 165 | BI23: =BH23*BK23 -> 123.75 | BJ23: 10 | BK23: 0.75
C24: 間瀬 | D24: 200h | F24: 0.3 | G24: 間瀬 | H24: 200h | J24: 0.3 | K24: 間瀬 | L24: 200h | N24: 0.3 | O24: 間瀬 | P24: 200h | R24: 0.3 | X24: 中釜 | Y24: 70 | Z24: =Y24*AB24 -> 17.5 | AA24: 10 | AB24: 0.25 | AC24: 中釜 | AD24: 70 | AE24: =ROUND(AD24*AG24,0) -> 21 | AF24: 10 | AG24: 0.3 | AH24: 中釜 | AI24: 130 | AJ24: =ROUND(AI24*AL24,0) -> 46 | AK24: 10 | AL24: 0.35 | AM24: 中釜 | AN24: 130 | AO24: =ROUND(AN24*AQ24,0) -> 52 | AP24: 10 | AQ24: 0.4 | AR24: 中釜 | AS24: 130 | AT24: =ROUND(AS24*AV24,0) -> 59 | AU24: 10 | AV24: 0.45 | AW24: 中釜 | AX24: 130 | AY24: =AX24*BA24 -> 71.5 | AZ24: 10 | BA24: 0.55 | BB24: 中釜 | BC24: 130 | BD24: =BC24*BF24 -> 78 | BE24: 10 | BF24: 0.6 | BG24: 中釜 | BH24: 130 | BI24: =BH24*BK24 -> 84.5 | BJ24: 23 | BK24: 0.65
B25: 五十嵐 T | S25: 久田 | T25: 200 | U25: =ROUND(T25*W25,0) -> 120 | V25: 46 | W25: 0.6 | X25: 久田 | Y25: 200 | Z25: =ROUND(Y25*AB25,0) -> 120 | AA25: 46 | AB25: 0.6 | AC25: 久田 | AD25: 200 | AE25: =ROUND(AD25*AG25,0) -> 120 | AF25: 46 | AG25: 0.6 | AH25: 久田 | AI25: 200 | AJ25: =ROUND(AI25*AL25,0) -> 120 | AK25: 46 | AL25: 0.6 | AM25: 久田 | AN25: 200 | AO25: =ROUND(AN25*AQ25,0) -> 130 | AP25: 46 | AQ25: 0.65 | AR25: 久田 | AS25: 200 | AT25: =ROUND(AS25*AV25,0) -> 130 | AU25: 46 | AV25: 0.65 | AW25: 久田 | AX25: 200 | AY25: =ROUND(AX25*BA25,0) -> 140 | AZ25: 46 | BA25: 0.7 | BB25: 久田 | BC25: 200 | BD25: =ROUND(BC25*BF25,0) -> 140 | BE25: 46 | BF25: 0.7 | BG25: 久田 | BH25: 200 | BI25: =ROUND(BH25*BK25,0) -> 150 | BJ25: 46 | BK25: 0.75
C26: 田中 | D26: 200h | F26: 0.6 | G26: 田中 | H26: 200h | J26: 0.6 | K26: 田中 | L26: 200h | N26: 0.6 | O26: 田中 | P26: 200h | R26: 0.6 | S26: 田中 | T26: 220 | U26: =ROUND(T26*W26,0) -> 132 | V26: 50 | W26: 0.6 | X26: 田中 | Y26: 220 | Z26: =Y26*AB26 -> 132 | AA26: 50 | AB26: 0.6 | AC26: 田中 | AD26: 220 | AE26: =ROUND(AD26*AG26,0) -> 132 | AF26: 55 | AG26: 0.6 | AH26: 田中 | AI26: 220 | AJ26: =ROUND(AI26*AL26,0) -> 132 | AK26: 50 | AL26: 0.6 | AM26: 田中 | AN26: 220 | AO26: =ROUND(AN26*AQ26,0) -> 143 | AP26: 50 | AQ26: 0.65 | AR26: 田中 | AS26: 220 | AT26: =ROUND(AS26*AV26,0) -> 143 | AU26: 50 | AV26: 0.65 | AW26: 田中 | AX26: 220 | AY26: =AX26*BA26 -> 154 | AZ26: 50 | BA26: 0.7 | BB26: 田中 | BC26: 220 | BD26: =BC26*BF26 -> 154 | BE26: 50 | BF26: 0.7 | BG26: 田中 | BH26: 200 | BI26: =BH26*BK26 -> 150 | BJ26: 50 | BK26: 0.75
C27: 長谷川 | D27: 165h | F27: 0 | G27: 長谷川 | H27: 165h | J27: 0 | K27: 長谷川 | L27: 165h | N27: 0 | O27: 長谷川 | P27: 165h | R27: 0 | S27: 長谷川 | T27: 165 | U27: =ROUND(T27*W27,0) -> 0 | V27: 0 | W27: 0 | X27: 長谷川 | Y27: 165 | Z27: =Y27*AB27 -> 16.5 | AA27: 0 | AB27: 0.1 | AC27: 長谷川 | AD27: 165 | AE27: =ROUND(AD27*AG27,0) -> 25 | AF27: 0 | AG27: 0.15 | AH27: 長谷川 | AI27: 165 | AJ27: =ROUND(AI27*AL27,0) -> 33 | AK27: 5 | AL27: 0.2 | AM27: 長谷川 | AN27: 165 | AO27: =ROUND(AN27*AQ27,0) -> 41 | AP27: 5 | AQ27: 0.25 | AR27: 長谷川 | AS27: 165 | AT27: =ROUND(AS27*AV27,0) -> 50 | AU27: 10 | AV27: 0.3 | AW27: 長谷川 | AX27: 165 | AY27: =AX27*BA27 -> 57.75 | AZ27: 10 | BA27: 0.35 | BB27: 長谷川 | BC27: 165 | BD27: =BC27*BF27 -> 66 | BE27: 10 | BF27: 0.4 | BG27: 長谷川 | BH27: 165 | BI27: =BH27*BK27 -> 74.25 | BJ27: 10 | BK27: 0.45
S28: 芹ケ野 | T28: 200 | U28: =ROUND(T28*W28,0) -> 40 | V28: 0 | W28: 0.2 | X28: 芹ケ野 | Y28: 200 | Z28: =Y28*AB28 -> 50 | AA28: 0 | AB28: 0.25 | AC28: 芹ケ野 | AD28: 200 | AE28: =ROUND(AD28*AG28,0) -> 60 | AF28: 0 | AG28: 0.3 | AH28: 芹ケ野 | AI28: 200 | AJ28: =ROUND(AI28*AL28,0) -> 70 | AK28: 5 | AL28: 0.35 | AM28: 芹ケ野 | AN28: 200 | AO28: =ROUND(AN28*AQ28,0) -> 80 | AP28: 10 | AQ28: 0.4 | AR28: 芹ケ野 | AS28: 200 | AT28: =ROUND(AS28*AV28,0) -> 90 | AU28: 15 | AV28: 0.45 | AW28: 芹ケ野 | AX28: 200 | AY28: =AX28*BA28 -> 110 | AZ28: 15 | BA28: 0.55 | BB28: 芹ケ野 | BC28: 200 | BD28: =BC28*BF28 -> 120 | BE28: 25 | BF28: 0.6 | BG28: 芹ケ野 | BH28: 200 | BI28: =BH28*BK28 -> 130 | BJ28: 25 | BK28: 0.65
C29: 宮本 | D29: 200h | F29: 0 | G29: 宮本 | H29: 200h | J29: 0 | K29: 宮本 | L29: 200h | N29: 0 | O29: 宮本 | P29: 200h | R29: 0 | S29: 宮本 | T29: 100 | U29: =ROUND(T29*W29,0) -> 0 | V29: 0 | W29: 0 | X29: 宮本 | Y29: 100 | Z29: =Y29*AB29 -> 10 | AA29: 0 | AB29: 0.1 | AC29: 宮本 | AD29: 200 | AE29: =ROUND(AD29*AG29,0) -> 30 | AF29: 0 | AG29: 0.15 | AH29: 宮本 | AI29: 200 | AJ29: =ROUND(AI29*AL29,0) -> 40 | AK29: 5 | AL29: 0.2 | AM29: 宮本 | AN29: 200 | AO29: =ROUND(AN29*AQ29,0) -> 50 | AP29: 10 | AQ29: 0.25 | AR29: 宮本 | AS29: 200 | AT29: =ROUND(AS29*AV29,0) -> 60 | AU29: 15 | AV29: 0.3 | AW29: 宮本 | AX29: 200 | AY29: =AX29*BA29 -> 70 | AZ29: 15 | BA29: 0.35 | BB29: 宮本 | BC29: 200 | BD29: =BC29*BF29 -> 80 | BE29: 25 | BF29: 0.4 | BG29: 宮本 | BH29: 200 | BI29: =BH29*BK29 -> 80 | BJ29: 25 | BK29: 0.4
B30: 新井T | S30: 岡部 | T30: 40 | U30: =ROUND(T30*W30,0) -> 38 | V30: 15 | W30: 0.95 | X30: 岡部 | Y30: 40 | Z30: =Y30*AB30 -> 38 | AA30: 15 | AB30: 0.95 | AC30: 岡部 | AD30: 40 | AE30: =ROUND(AD30*AG30,0) -> 38 | AF30: 15 | AG30: 0.95 | AH30: 岡部 | AI30: 40 | AJ30: =ROUND(AI30*AL30,0) -> 38 | AK30: 15 | AL30: 0.95 | AM30: 岡部 | AN30: 40 | AO30: =ROUND(AN30*AQ30,0) -> 38 | AP30: 15 | AQ30: 0.95 | AR30: 岡部 | AS30: 40 | AT30: =ROUND(AS30*AV30,0) -> 38 | AU30: 15 | AV30: 0.95 | AW30: 岡部 | AX30: 40 | AY30: =AX30*BA30 -> 38 | AZ30: 15 | BA30: 0.95 | BB30: 岡部 | BC30: 40 | BD30: =BC30*BF30 -> 38 | BE30: 15 | BF30: 0.95 | BG30: 岡部 | BH30: 40 | BI30: =BH30*BK30 -> 38 | BJ30: 15 | BK30: 0.95
C31: 岡部 | D31: 200h | F31: 0.95 | G31: 岡部 | H31: 200h | J31: 0.95 | K31: 岡部 | L31: 200h | N31: 0.95 | O31: 岡部 | P31: 200h | R31: 0.95 | S31: 比護 | T31: 200 | U31: =ROUND(T31*W31,0) -> 40 | V31: 20 | W31: 0.2 | X31: 比護 | Y31: 200 | Z31: =Y31*AB31 -> 50 | AA31: 20 | AB31: 0.25 | AC31: 比護 | AD31: 200 | AE31: =ROUND(AD31*AG31,0) -> 60 | AF31: 25 | AG31: 0.3 | AH31: 比護 | AI31: 200 | AJ31: =ROUND(AI31*AL31,0) -> 70 | AK31: 30 | AL31: 0.35 | AM31: 比護 | AN31: 200 | AO31: =ROUND(AN31*AQ31,0) -> 80 | AP31: 30 | AQ31: 0.4 | AR31: 比護 | AS31: 200 | AT31: =ROUND(AS31*AV31,0) -> 90 | AU31: 30 | AV31: 0.45 | AW31: 比護 | AX31: 200 | AY31: =AX31*BA31 -> 110 | AZ31: 35 | BA31: 0.55 | BB31: 比護 | BC31: 200 | BD31: =BC31*BF31 -> 120 | BE31: 40 | BF31: 0.6 | BG31: 比護 | BH31: 200 | BI31: =BH31*BK31 -> 130 | BJ31: 40 | BK31: 0.65
S32: =COUNTA(S11:S31) -> 20 | X32: =COUNTA(X11:X31) -> 21 | AC32: =COUNTA(AC11:AC31) -> 21 | AH32: =COUNTA(AH11:AH31) -> 21 | AM32: =COUNTA(AM11:AM31) -> 21 | AR32: =COUNTA(AR11:AR31) -> 21 | AW32: =COUNTA(AW11:AW31) -> 21 | BB32: =COUNTA(BB11:BB31) -> 21 | BG32: =COUNTA(BG11:BG31) -> 21
B34: 受注 候補 | S34: 市川 | T34: 165 | U34: =ROUND(T34*W34,0) -> 33 | V34: 16 | W34: 0.2 | X34: 市川 | Y34: 165 | Z34: =Y34*AB34 -> 41.25 | AA34: 16 | AB34: 0.25 | AC34: 市川 | AD34: 165 | AE34: =ROUND(AD34*AG34,0) -> 50 | AF34: 16 | AG34: 0.3 | AH34: 市川 | AI34: 165 | AJ34: =ROUND(AI34*AL34,0) -> 58 | AK34: 16 | AL34: 0.35 | AM34: 市川 | AN34: 165 | AO34: =ROUND(AN34*AQ34,0) -> 66 | AP34: 16 | AQ34: 0.4
S35: 鎌田 | T35: 200 | U35: =ROUND(T35*W35,0) -> 40 | V35: 5 | W35: 0.2 | X35: 鎌田 | Y35: 200 | Z35: =Y35*AB35 -> 60 | AA35: 5 | AB35: 0.3 | AC35: 鎌田 | AD35: 150 | AE35: =ROUND(AD35*AG35,0) -> 60 | AF35: 5 | AG35: 0.4 | AH35: 鎌田 | AI35: 150 | AJ35: =ROUND(AI35*AL35,0) -> 75 | AK35: 5 | AL35: 0.5
S36: 上村 | T36: 200 | U36: =ROUND(T36*W36,0) -> 70 | V36: 30 | W36: 0.35 | X36: 上村 | Y36: 200 | Z36: =Y36*AB36 -> 80 | AA36: 30 | AB36: 0.4 | AC36: 上村 | AD36: 200 | AE36: =ROUND(AD36*AG36,0) -> 90 | AF36: 30 | AG36: 0.45
S37: 加藤 | T37: 165 | U37: =ROUND(T37*W37,0) -> 50 | V37: 5 | W37: 0.3 | X37: 加藤 | Y37: 165 | Z37: =Y37*AB37 -> 66 | AA37: 5 | AB37: 0.4 | AC37: 加藤 | AD37: 165 | AE37: =ROUND(AD37*AG37,0) -> 83 | AF37: 5 | AG37: 0.5
S38: 登坂 | T38: 200 | U38: =ROUND(T38*W38,0) -> 120 | V38: 14 | W38: 0.6 | X38: 登坂 | Y38: 200 | Z38: =Y38*AB38 -> 50 | AA38: 15 | AB38: 0.25 | AC38: 登坂 | AD38: 200 | AE38: =ROUND(AD38*AG38,0) -> 60 | AF38: 15 | AG38: 0.3 | AH38: 登坂 | AI38: 200 | AJ38: =ROUND(AI38*AL38,0) -> 50 | AK38: 15 | AL38: 0.25
S39: 太田 | T39: 100 | U39: =ROUND(T39*W39,0) -> 0 | V39: 0 | W39: 0 | X39: 太田 | Y39: 100 | Z39: =Y39*AB39 -> 10 | AA39: 0 | AB39: 0.1 | AC39: 太田 | AD39: 200 | AE39: =ROUND(AD39*AG39,0) -> 30 | AF39: 0 | AG39: 0.15 | AH39: 太田 | AI39: 200 | AJ39: =ROUND(AI39*AL39,0) -> 40 | AK39: 5 | AL39: 0.2 | AM39: 太田 | AN39: 200 | AO39: =ROUND(AN39*AQ39,0) -> 50 | AP39: 5 | AQ39: 0.25 | AR39: 太田 | AS39: 200 | AT39: =ROUND(AS39*AV39,0) -> 60 | AU39: 10 | AV39: 0.3 | AW39: 太田 | AX39: 200 | AY39: =AX39*BA39 -> 70 | AZ39: 10 | BA39: 0.35 | BB39: 太田 | BC39: 200 | BD39: =BC39*BF39 -> 80 | BE39: 10 | BF39: 0.4
S40: 西原 | T40: 100 | U40: =ROUND(T40*W40,0) -> 0 | V40: 0 | W40: 0 | X40: 西原 | Y40: 100 | Z40: =Y40*AB40 -> 10 | AA40: 0 | AB40: 0.1 | AC40: 西原 | AD40: 200 | AE40: =ROUND(AD40*AG40,0) -> 30 | AF40: 0 | AG40: 0.15 | AH40: 西原 | AI40: 200 | AJ40: =ROUND(AI40*AL40,0) -> 40 | AK40: 5 | AL40: 0.2 | AM40: 西原 | AN40: 200 | AO40: =ROUND(AN40*AQ40,0) -> 50 | AP40: 5 | AQ40: 0.25 | AR40: 西原 | AS40: 200 | AT40: =ROUND(AS40*AV40,0) -> 60 | AU40: 10 | AV40: 0.3 | AW40: 西原 | AX40: 200 | AY40: =AX40*BA40 -> 70 | AZ40: 10 | BA40: 0.35 | BB40: 西原 | BC40: 200 | BD40: =BC40*BF40 -> 80 | BE40: 10 | BF40: 0.4
AC41: 酒井 | AD41: 100 | AE41: =ROUND(AD41*AG41,0) -> 0 | AF41: 0 | AG41: 0 | AH41: 酒井 | AI41: 100 | AJ41: =AI41*AL41 -> 10 | AK41: 0 | AL41: 0.1 | AM41: 酒井 | AN41: 200 | AO41: =ROUND(AN41*AQ41,0) -> 30 | AP41: 0 | AQ41: 0.15 | AR41: 酒井 | AS41: 200 | AT41: =ROUND(AS41*AV41,0) -> 40 | AU41: 5 | AV41: 0.2 | AW41: 酒井 | AX41: 200 | AY41: =ROUND(AX41*BA41,0) -> 50 | AZ41: 5 | BA41: 0.25 | BB41: 酒井 | BC41: 200 | BD41: =ROUND(BC41*BF41,0) -> 60 | BE41: 5 | BF41: 0.3 | BG41: 酒井 | BH41: 200 | BI41: =ROUND(BH41*BK41,0) -> 70 | BJ41: 5 | BK41: 0.35
AR42: 桒原 | AS42: 100 | AT42: =ROUND(AS42*AV42,0) -> 0 | AU42: 0 | AV42: 0 | AW42: 桒原 | AX42: 100 | AY42: =AX42*BA42 -> 10 | AZ42: 0 | BA42: 0.1 | BB42: 桒原 | BC42: 200 | BD42: =ROUND(BC42*BF42,0) -> 30 | BE42: 0 | BF42: 0.15 | BG42: 桒原 | BH42: 200 | BI42: =ROUND(BH42*BK42,0) -> 40 | BJ42: 5 | BK42: 0.2
B43: ※3人で1カウント | S43: =COUNTA(S34:S41)*0.33 -> 2.31 | X43: =COUNTA(X34:X41)*0.33 -> 2.31 | AC43: =COUNTA(AC34:AC41)*0.33 -> 2.64 | AH43: =COUNTA(AH34:AH41)*0.33 -> 1.98 | AM43: =COUNTA(AM34:AM41)*0.33 -> 1.32 | AR43: =COUNTA(AR34:AR42)*0.33 -> 1.32 | AW43: =COUNTA(AW34:AW42)*0.33 -> 1.32 | BB43: =COUNTA(BB34:BB42)*0.33 -> 1.32 | BG43: =COUNTA(BG34:BG42)*0.33 -> 0.66
G45: 1月 | K45: 2月 | Q45: 3月 | S45: 4月 | X45: 5月 | AC45: 6月 | AH45: 7月 | AM45: 8月 | AR45: 9月 | AW45: 10月 | BB45: 11月 | BG45: 12月
G46: =COUNTA(G11:G44) -> 16 | K46: =COUNTA(K11:K44) -> 16 | Q46: =COUNTA(Q11:Q44) -> 0 | S46: 合計人数 | T46: 実働時間 | U46: 実働×熟 | V46: 合計案件数 | W46: 熟練度平均 | X46: 合計人数 | Y46: 実働時間 | Z46: 実働×熟 | AA46: 合計案件数 | AB46: 熟練度平均 | AC46: 合計人数 | AD46: 実働時間 | AE46: 実働×熟 | AF46: 合計案件数 | AG46: 熟練度平均 | AH46: 合計人数 | AI46: 実働時間 | AJ46: 実働×熟 | AK46: 合計案件数 | AL46: 熟練度平均 | AM46: 合計人数 | AN46: 実働時間 | AO46: 実働×熟 | AP46: 合計案件数 | AQ46: 熟練度平均 | AR46: 合計人数 | AS46: 実働時間 | AT46: 実働×熟 | AU46: 合計案件数 | AV46: 熟練度平均 | AW46: 合計人数 | AX46: 実働時間 | AY46: 実働×熟 | AZ46: 合計案件数 | BA46: 熟練度平均 | BB46: 合計人数 | BC46: 実働時間 | BD46: 実働×熟 | BE46: 合計案件数 | BF46: 熟練度平均 | BG46: 合計人数 | BH46: 実働時間 | BI46: 実働×熟 | BJ46: 合計案件数 | BK46: 熟練度平均
S47: =ROUND(SUM(S32,S43),0) -> 22 | T47: =SUM(T11:T40) -> 4335 | U47: =ROUND(SUM(U11:U40),0) -> 1928 | V47: =SUM(V11:V40) -> 640 | W47: =AVERAGE(W11:W40) -> 0.42962963 | X47: =ROUND(SUM(X32,X43),0) -> 23 | Y47: =SUM(Y11:Y40) -> 4395 | Z47: =ROUND(SUM(Z11:Z40),0) -> 2042 | AA47: =SUM(AA11:AA40) -> 654 | AB47: =AVERAGE(AB11:AB40) -> 0.45 | AC47: =ROUND(SUM(AC32,AC43),0) -> 24 | AD47: =SUM(AD11:AD40) -> 4645 | AE47: =SUM(AE11:AE40) -> 2228 | AF47: =SUM(AF11:AF40) -> 641 | AG47: =AVERAGE(AG11:AG40) -> 0.4875 | AH47: =ROUND(SUM(AH32,AH43),0) -> 23 | AI47: =SUM(AI11:AI40) -> 4495 | AJ47: =SUM(AJ11:AJ40) -> 2261 | AK47: =SUM(AK11:AK40) -> 636 | AL47: =AVERAGE(AL11:AL40) -> 0.525 | AM47: =ROUND(SUM(AM32,AM43),0) -> 22 | AN47: =SUM(AN11:AN40) -> 4145 | AO47: =SUM(AO11:AO40) -> 2260 | AP47: =SUM(AP11:AP40) -> 637 | AQ47: =AVERAGE(AQ11:AQ40) -> 0.56666667 | AR47: =ROUND(SUM(AR32,AR43),0) -> 22 | AS47: =SUM(AS11:AS40) -> 3980 | AT47: =SUM(AT11:AT40) -> 2332 | AU47: =SUM(AU11:AU40) -> 660 | AV47: =AVERAGE(AV11:AV40) -> 0.60652174 | AW47: =ROUND(SUM(AW32,AW43),0) -> 22 | AX47: =SUM(AX11:AX40) -> 3980 | AY47: =SUM(AY11:AY40) -> 2566 | AZ47: =SUM(AZ11:AZ40) -> 667 | BA47: =AVERAGE(BA11:BA40) -> 0.66304348 | BB47: =ROUND(SUM(BB32,BB43),0) -> 22 | BC47: =SUM(BC11:BC40) -> 3980 | BD47: =SUM(BD11:BD40) -> 2682.25 | BE47: =SUM(BE11:BE40) -> 707 | BF47: =AVERAGE(BF11:BF40) -> 0.69130435 | BG47: =ROUND(SUM(BG32,BG43),0) -> 22 | BH47: =SUM(BH11:BH40) -> 3560 | BI47: =SUM(BI11:BI40) -> 2616.25 | BJ47: =SUM(BJ11:BJ40) -> 728 | BK47: =AVERAGE(BK11:BK40) -> 0.74761905
A49: 相続以外 | C49: 12月 | G49: 1月 | K49: 2月 | Q49: 3月 | S49: 4月 | X49: 5月 | AC49: 6月 | AH49: 7月 | AM49: 8月 | AR49: 9月 | AW49: 10月 | BB49: 11月 | BG49: 12月
S50: 担当者名 | T50: 実働 | U50: ×熟練度 | V50: 管理件数 | W50: 熟練度 | X50: 担当者名 | Y50: 稼働時間 | Z50: ×熟練度 | AA50: 管理件数 | AB50: 熟練度 | AC50: 担当者名 | AD50: 稼働時間 | AE50: ×熟練度 | AF50: 管理件数 | AG50: 熟練度 | AH50: 担当者名 | AI50: 稼働時間 | AJ50: ×熟練度 | AK50: 管理件数 | AL50: 熟練度 | AM50: 担当者名 | AN50: 稼働時間 | AO50: ×熟練度 | AP50: 管理件数 | AQ50: 熟練度 | AR50: 担当者名 | AS50: 稼働時間 | AT50: ×熟練度 | AU50: 管理件数 | AV50: 熟練度 | AW50: 担当者名 | AX50: 稼働時間 | AY50: ×熟練度 | AZ50: 管理件数 | BA50: 熟練度 | BB50: 担当者名 | BC50: 稼働時間 | BD50: ×熟練度 | BE50: 管理件数 | BF50: 熟練度 | BG50: 担当者名 | BH50: 稼働時間 | BI50: ×熟練度 | BJ50: 管理件数 | BK50: 熟練度
B51: 事務管理 管理 | S51: 駒﨑 | T51: 40 | U51: =ROUND(T51*W51,0) -> 12 | V51: 1 | W51: 0.3 | X51: 駒﨑 | Y51: 40 | Z51: =Y51*AB51 -> 14 | AA51: 2 | AB51: 0.35 | AC51: 駒﨑 | AD51: 40 | AE51: =ROUND(AD51*AG51,0) -> 16 | AF51: 5 | AG51: 0.4 | AH51: 駒﨑 | AI51: 40 | AJ51: =ROUND(AI51*AL51,0) -> 16 | AK51: 5 | AL51: 0.4 | AM51: 駒﨑 | AN51: 40 | AO51: =ROUND(AN51*AQ51,0) -> 18 | AP51: 5 | AQ51: 0.45 | AR51: 駒﨑 | AS51: 40 | AT51: =ROUND(AS51*AV51,0) -> 18 | AU51: 5 | AV51: 0.45 | AW51: 駒﨑 | AX51: 40 | AY51: =ROUND(AX51*BA51,0) -> 20 | AZ51: 5 | BA51: 0.5 | BB51: 駒﨑 | BC51: 40 | BD51: =ROUND(BC51*BF51,0) -> 22 | BE51: 5 | BF51: 0.55 | BG51: 駒﨑 | BH51: 40 | BI51: =ROUND(BH51*BK51,0) -> 26 | BJ51: 5 | BK51: 0.65
B52: LP | S52: 小泉 | T52: 40 | U52: =ROUND(T52*W52,0) -> 24 | V52: 33 | W52: 0.6 | X52: 小泉 | Y52: 40 | Z52: =Y52*AB52 -> 24 | AA52: 33 | AB52: 0.6 | AC52: 小泉 | AD52: 40 | AE52: =ROUND(AD52*AG52,0) -> 26 | AF52: 25 | AG52: 0.65 | AH52: 小泉 | AI52: 40 | AJ52: =ROUND(AI52*AL52,0) -> 26 | AK52: 20 | AL52: 0.65 | AM52: 小泉 | AN52: 40 | AO52: =ROUND(AN52*AQ52,0) -> 28 | AP52: 15 | AQ52: 0.7 | AR52: 小泉 | AS52: 40 | AT52: =ROUND(AS52*AV52,0) -> 28 | AU52: 15 | AV52: 0.7 | AW52: 小泉 | AX52: 40 | AY52: =ROUND(AX52*BA52,0) -> 30 | AZ52: 15 | BA52: 0.75 | BB52: 小泉 | BC52: 40 | BD52: =ROUND(BC52*BF52,0) -> 30 | BE52: 15 | BF52: 0.75 | BG52: 小泉 | BH52: 40 | BI52: =ROUND(BH52*BK52,0) -> 32 | BJ52: 15 | BK52: 0.8
S53: 平川 | T53: 40 | U53: =ROUND(T53*W53,0) -> 22 | V53: 5 | W53: 0.55 | X53: 平川 | Y53: 40 | Z53: =Y53*AB53 -> 24 | AA53: 5 | AB53: 0.6 | AC53: 平川 | AD53: 40 | AE53: =ROUND(AD53*AG53,0) -> 24 | AF53: 5 | AG53: 0.6 | AH53: 平川 | AI53: 40 | AJ53: =ROUND(AI53*AL53,0) -> 24 | AK53: 5 | AL53: 0.6 | AM53: 平川 | AN53: 40 | AO53: =ROUND(AN53*AQ53,0) -> 26 | AP53: 5 | AQ53: 0.65 | AR53: 平川 | AS53: 40 | AT53: =ROUND(AS53*AV53,0) -> 26 | AU53: 5 | AV53: 0.65 | AW53: 平川 | AX53: 40 | AY53: =ROUND(AX53*BA53,0) -> 26 | AZ53: 5 | BA53: 0.65 | BB53: 平川 | BC53: 40 | BD53: =ROUND(BC53*BF53,0) -> 28 | BE53: 5 | BF53: 0.7 | BG53: 平川 | BH53: 40 | BI53: =ROUND(BH53*BK53,0) -> 28 | BJ53: 5 | BK53: 0.7
S54: 石井 | T54: 80 | U54: =ROUND(T54*W54,0) -> 56 | V54: 10 | W54: 0.7 | X54: 石井 | Y54: 80 | Z54: =Y54*AB54 -> 56 | AA54: 10 | AB54: 0.7 | AC54: 石井 | AD54: 80 | AE54: =ROUND(AD54*AG54,0) -> 56 | AF54: 10 | AG54: 0.7 | AH54: 石井 | AI54: 80 | AJ54: =ROUND(AI54*AL54,0) -> 60 | AK54: 10 | AL54: 0.75 | AM54: 石井 | AN54: 80 | AO54: =ROUND(AN54*AQ54,0) -> 60 | AP54: 10 | AQ54: 0.75 | AR54: 石井 | AS54: 80 | AT54: =ROUND(AS54*AV54,0) -> 60 | AU54: 10 | AV54: 0.75 | AW54: 石井 | AX54: 80 | AY54: =ROUND(AX54*BA54,0) -> 64 | AZ54: 10 | BA54: 0.8 | BB54: 石井 | BC54: 80 | BD54: =ROUND(BC54*BF54,0) -> 64 | BE54: 10 | BF54: 0.8 | BG54: 石井 | BH54: 80 | BI54: =ROUND(BH54*BK54,0) -> 64 | BJ54: 10 | BK54: 0.8
S55: 金森 | T55: 80 | U55: =ROUND(T55*W55,0) -> 60 | V55: 16 | W55: 0.75 | X55: 金森 | Y55: 80 | Z55: =Y55*AB55 -> 60 | AA55: 16 | AB55: 0.75 | AC55: 金森 | AD55: 80 | AE55: =ROUND(AD55*AG55,0) -> 60 | AF55: 16 | AG55: 0.75 | AH55: 金森 | AI55: 80 | AJ55: =ROUND(AI55*AL55,0) -> 64 | AK55: 16 | AL55: 0.8 | AM55: 金森 | AN55: 80 | AO55: =ROUND(AN55*AQ55,0) -> 64 | AP55: 16 | AQ55: 0.8 | AR55: 金森 | AS55: 80 | AT55: =ROUND(AS55*AV55,0) -> 64 | AU55: 16 | AV55: 0.8 | AW55: 金森 | AX55: 80 | AY55: =ROUND(AX55*BA55,0) -> 68 | AZ55: 16 | BA55: 0.85 | BB55: 金森 | BC55: 80 | BD55: =ROUND(BC55*BF55,0) -> 68 | BE55: 16 | BF55: 0.85 | BG55: 金森 | BH55: 80 | BI55: =ROUND(BH55*BK55,0) -> 68 | BJ55: 16 | BK55: 0.85
S56: 須田 | T56: 100 | U56: =ROUND(T56*W56,0) -> 70 | V56: 16 | W56: 0.7 | X56: 須田 | Y56: 100 | Z56: =Y56*AB56 -> 70 | AA56: 16 | AB56: 0.7 | AC56: 須田 | AD56: 100 | AE56: =ROUND(AD56*AG56,0) -> 70 | AF56: 16 | AG56: 0.7 | AH56: 須田 | AI56: 100 | AJ56: =ROUND(AI56*AL56,0) -> 70 | AK56: 16 | AL56: 0.7 | AM56: 須田 | AN56: 100 | AO56: =ROUND(AN56*AQ56,0) -> 70 | AP56: 16 | AQ56: 0.7 | AR56: 須田 | AS56: 100 | AT56: =ROUND(AS56*AV56,0) -> 70 | AU56: 16 | AV56: 0.7 | AW56: 須田 | AX56: 100 | AY56: =ROUND(AX56*BA56,0) -> 70 | AZ56: 16 | BA56: 0.7 | BB56: 須田 | BC56: 100 | BD56: =ROUND(BC56*BF56,0) -> 70 | BE56: 16 | BF56: 0.7 | BG56: 須田 | BH56: 100 | BI56: =ROUND(BH56*BK56,0) -> 70 | BJ56: 16 | BK56: 0.7
S57: 近藤 | T57: 30 | U57: =ROUND(T57*W57,0) -> 15 | V57: 9 | W57: 0.5 | X57: 近藤 | Y57: 30 | Z57: =Y57*AB57 -> 15 | AA57: 9 | AB57: 0.5 | AC57: 近藤 | AD57: 30 | AE57: =ROUND(AD57*AG57,0) -> 15 | AF57: 9 | AG57: 0.5 | AH57: 近藤 | AI57: 30 | AJ57: =ROUND(AI57*AL57,0) -> 17 | AK57: 9 | AL57: 0.55 | AM57: 近藤 | AN57: 30 | AO57: =ROUND(AN57*AQ57,0) -> 17 | AP57: 9 | AQ57: 0.55 | AR57: 近藤 | AS57: 60 | AT57: =ROUND(AS57*AV57,0) -> 30 | AU57: 9 | AV57: 0.5 | AW57: 近藤 | AX57: 30 | AY57: =ROUND(AX57*BA57,0) -> 18 | AZ57: 9 | BA57: 0.6 | BB57: 近藤 | BC57: 30 | BD57: =ROUND(BC57*BF57,0) -> 20 | BE57: 9 | BF57: 0.65 | BG57: 近藤 | BH57: 30 | BI57: =ROUND(BH57*BK57,0) -> 20 | BJ57: 9 | BK57: 0.65
S58: 菅家 | T58: 100 | U58: =ROUND(T58*W58,0) -> 70 | V58: 40 | W58: 0.7 | X58: 菅家 | Y58: 100 | Z58: =Y58*AB58 -> 70 | AA58: 40 | AB58: 0.7 | AC58: 菅家 | AD58: 100 | AE58: =ROUND(AD58*AG58,0) -> 70 | AF58: 40 | AG58: 0.7 | AH58: 菅家 | AI58: 100 | AJ58: =ROUND(AI58*AL58,0) -> 70 | AK58: 40 | AL58: 0.7 | AM58: 菅家 | AN58: 100 | AO58: =ROUND(AN58*AQ58,0) -> 70 | AP58: 40 | AQ58: 0.7 | AR58: 菅家 | AS58: 100 | AT58: =ROUND(AS58*AV58,0) -> 70 | AU58: 40 | AV58: 0.7 | AW58: 菅家 | AX58: 100 | AY58: =ROUND(AX58*BA58,0) -> 70 | AZ58: 40 | BA58: 0.7 | BB58: 菅家 | BC58: 100 | BD58: =ROUND(BC58*BF58,0) -> 70 | BE58: 40 | BF58: 0.7 | BG58: 菅家 | BH58: 100 | BI58: =ROUND(BH58*BK58,0) -> 70 | BJ58: 40 | BK58: 0.7
S59: 氏家 | T59: 100 | U59: =ROUND(T59*W59,0) -> 50 | V59: 21 | W59: 0.5 | X59: 氏家 | Y59: 60 | Z59: =Y59*AB59 -> 30 | AA59: 21 | AB59: 0.5 | AC59: 氏家 | AD59: 60 | AE59: =ROUND(AD59*AG59,0) -> 33 | AF59: 21 | AG59: 0.55 | AH59: 氏家 | AI59: 60 | AJ59: =ROUND(AI59*AL59,0) -> 33 | AK59: 21 | AL59: 0.55 | AM59: 氏家 | AN59: 60 | AO59: =ROUND(AN59*AQ59,0) -> 33 | AP59: 21 | AQ59: 0.55 | AR59: 氏家 | AS59: 60 | AT59: =ROUND(AS59*AV59,0) -> 36 | AU59: 21 | AV59: 0.6 | AW59: 氏家 | AX59: 60 | AY59: =ROUND(AX59*BA59,0) -> 39 | AZ59: 21 | BA59: 0.65 | BB59: 氏家 | BC59: 60 | BD59: =ROUND(BC59*BF59,0) -> 42 | BE59: 21 | BF59: 0.7 | BG59: 氏家 | BH59: 60 | BI59: =ROUND(BH59*BK59,0) -> 45 | BJ59: 21 | BK59: 0.75
S60: 池添 | T60: 40 | U60: =ROUND(T60*W60,0) -> 16 | V60: 7 | W60: 0.4 | X60: 池添 | Y60: 40 | Z60: =Y60*AB60 -> 16 | AA60: 7 | AB60: 0.4 | AC60: 池添 | AD60: 40 | AE60: =ROUND(AD60*AG60,0) -> 22 | AF60: 7 | AG60: 0.55 | AH60: 池添 | AI60: 40 | AJ60: =ROUND(AI60*AL60,0) -> 22 | AK60: 7 | AL60: 0.55 | AM60: 池添 | AN60: 40 | AO60: =ROUND(AN60*AQ60,0) -> 24 | AP60: 7 | AQ60: 0.6 | AR60: 池添 | AS60: 40 | AT60: =ROUND(AS60*AV60,0) -> 24 | AU60: 7 | AV60: 0.6 | AW60: 池添 | AX60: 40 | AY60: =ROUND(AX60*BA60,0) -> 26 | AZ60: 7 | BA60: 0.65 | BB60: 池添 | BC60: 40 | BD60: =ROUND(BC60*BF60,0) -> 26 | BE60: 7 | BF60: 0.65 | BG60: 池添 | BH60: 40 | BI60: =ROUND(BH60*BK60,0) -> 28 | BJ60: 7 | BK60: 0.7
S61: 望月 | T61: 40 | U61: =ROUND(T61*W61,0) -> 12 | V61: 6 | W61: 0.3 | X61: 望月 | Y61: 40 | Z61: =Y61*AB61 -> 12 | AA61: 6 | AB61: 0.3 | AC61: 望月 | AD61: 40 | AE61: =ROUND(AD61*AG61,0) -> 12 | AF61: 6 | AG61: 0.3 | AH61: 望月 | AI61: 40 | AJ61: =ROUND(AI61*AL61,0) -> 14 | AK61: 10 | AL61: 0.35 | AM61: 望月 | AN61: 40 | AO61: =ROUND(AN61*AQ61,0) -> 14 | AP61: 10 | AQ61: 0.35 | AR61: 望月 | AS61: 40 | AT61: =ROUND(AS61*AV61,0) -> 14 | AU61: 10 | AV61: 0.35 | AW61: 望月 | AX61: 40 | AY61: =ROUND(AX61*BA61,0) -> 16 | AZ61: 10 | BA61: 0.4 | BB61: 望月 | BC61: 40 | BD61: =ROUND(BC61*BF61,0) -> 18 | BE61: 10 | BF61: 0.45 | BG61: 望月 | BH61: 40 | BI61: =ROUND(BH61*BK61,0) -> 20 | BJ61: 10 | BK61: 0.5
S62: 提箸 | T62: 40 | U62: =ROUND(T62*W62,0) -> 6 | V62: 2 | W62: 0.15 | X62: 提箸 | Y62: 40 | Z62: =Y62*AB62 -> 8 | AA62: 2 | AB62: 0.2 | AC62: 提箸 | AD62: 40 | AE62: =ROUND(AD62*AG62,0) -> 12 | AF62: 5 | AG62: 0.3 | AH62: 提箸 | AI62: 40 | AJ62: =ROUND(AI62*AL62,0) -> 16 | AK62: 10 | AL62: 0.4 | AM62: 提箸 | AN62: 40 | AO62: =ROUND(AN62*AQ62,0) -> 18 | AP62: 10 | AQ62: 0.45 | AR62: 提箸 | AS62: 40 | AT62: =ROUND(AS62*AV62,0) -> 20 | AU62: 10 | AV62: 0.5 | AW62: 提箸 | AX62: 40 | AY62: =ROUND(AX62*BA62,0) -> 22 | AZ62: 10 | BA62: 0.55 | BB62: 提箸 | BC62: 40 | BD62: =ROUND(BC62*BF62,0) -> 22 | BE62: 10 | BF62: 0.55 | BG62: 提箸 | BH62: 40 | BI62: =ROUND(BH62*BK62,0) -> 24 | BJ62: 10 | BK62: 0.6
S63: 宮内 | T63: 100 | U63: =ROUND(T63*W63,0) -> 0 | V63: 0 | W63: 0 | X63: 宮内 | Y63: 100 | Z63: =Y63*AB63 -> 10 | AA63: 0 | AB63: 0.1 | AC63: 宮内 | AD63: 100 | AE63: =ROUND(AD63*AG63,0) -> 20 | AF63: 10 | AG63: 0.2 | AH63: 宮内 | AI63: 100 | AJ63: =ROUND(AI63*AL63,0) -> 30 | AK63: 15 | AL63: 0.3 | AM63: 宮内 | AN63: 100 | AO63: =ROUND(AN63*AQ63,0) -> 40 | AP63: 15 | AQ63: 0.4 | AR63: 宮内 | AS63: 100 | AT63: =ROUND(AS63*AV63,0) -> 45 | AU63: 15 | AV63: 0.45 | AW63: 宮内 | AX63: 100 | AY63: =ROUND(AX63*BA63,0) -> 50 | AZ63: 15 | BA63: 0.5 | BB63: 宮内 | BC63: 100 | BD63: =ROUND(BC63*BF63,0) -> 55 | BE63: 15 | BF63: 0.55 | BG63: 宮内 | BH63: 100 | BI63: =ROUND(BH63*BK63,0) -> 60 | BJ63: 15 | BK63: 0.6
S64: 森山 | T64: 100 | U64: =ROUND(T64*W64,0) -> 0 | V64: 12 | W64: 0 | X64: 森山 | Y64: 100 | Z64: =Y64*AB64 -> 10 | AA64: 12 | AB64: 0.1 | AC64: 森山 | AD64: 100 | AE64: =ROUND(AD64*AG64,0) -> 20 | AF64: 10 | AG64: 0.2 | AH64: 森山 | AI64: 100 | AJ64: =ROUND(AI64*AL64,0) -> 30 | AK64: 15 | AL64: 0.3 | AM64: 森山 | AN64: 100 | AO64: =ROUND(AN64*AQ64,0) -> 40 | AP64: 15 | AQ64: 0.4 | AR64: 森山 | AS64: 100 | AT64: =ROUND(AS64*AV64,0) -> 45 | AU64: 15 | AV64: 0.45 | AW64: 森山 | AX64: 100 | AY64: =ROUND(AX64*BA64,0) -> 50 | AZ64: 15 | BA64: 0.5 | BB64: 森山 | BC64: 100 | BD64: =ROUND(BC64*BF64,0) -> 55 | BE64: 15 | BF64: 0.55 | BG64: 森山 | BH64: 100 | BI64: =ROUND(BH64*BK64,0) -> 60 | BJ64: 15 | BK64: 0.6
B65: 4階 | S65: 髙井 | T65: 5 | U65: =ROUND(T65*W65,0) -> 4 | V65: 8 | W65: 0.8 | X65: 髙井 | Y65: 5 | Z65: =Y65*AB65 -> 4 | AA65: 8 | AB65: 0.8 | AC65: 髙井 | AD65: 5 | AE65: =ROUND(AD65*AG65,0) -> 1 | AF65: 8 | AG65: 0.2 | AH65: 髙井 | AI65: 5 | AJ65: =ROUND(AI65*AL65,0) -> 4 | AK65: 8 | AL65: 0.8 | AM65: 髙井 | AN65: 5 | AO65: =ROUND(AN65*AQ65,0) -> 4 | AP65: 8 | AQ65: 0.8 | AR65: 髙井 | AS65: 5 | AT65: =ROUND(AS65*AV65,0) -> 4 | AU65: 8 | AV65: 0.8 | AW65: 髙井 | AX65: 5 | AY65: =ROUND(AX65*BA65,0) -> 4 | AZ65: 8 | BA65: 0.8 | BB65: 髙井 | BC65: 5 | BD65: =ROUND(BC65*BF65,0) -> 4 | BE65: 8 | BF65: 0.8 | BG65: 髙井 | BH65: 5 | BI65: =ROUND(BH65*BK65,0) -> 4 | BJ65: 8 | BK65: 0.8
S66: 福元 | T66: 20 | U66: =ROUND(T66*W66,0) -> 18 | V66: 16 | W66: 0.9 | X66: 福元 | Y66: 20 | Z66: =Y66*AB66 -> 18 | AA66: 16 | AB66: 0.9 | AC66: 福元 | AD66: 20 | AE66: =ROUND(AD66*AG66,0) -> 18 | AF66: 16 | AG66: 0.9 | AH66: 福元 | AI66: 20 | AJ66: =ROUND(AI66*AL66,0) -> 18 | AK66: 16 | AL66: 0.9 | AM66: 福元 | AN66: 20 | AO66: =ROUND(AN66*AQ66,0) -> 18 | AP66: 16 | AQ66: 0.9 | AR66: 福元 | AS66: 20 | AT66: =ROUND(AS66*AV66,0) -> 18 | AU66: 16 | AV66: 0.9 | AW66: 福元 | AX66: 20 | AY66: =ROUND(AX66*BA66,0) -> 18 | AZ66: 16 | BA66: 0.9 | BB66: 福元 | BC66: 20 | BD66: =ROUND(BC66*BF66,0) -> 18 | BE66: 16 | BF66: 0.9 | BG66: 福元 | BH66: 20 | BI66: =ROUND(BH66*BK66,0) -> 18 | BJ66: 16 | BK66: 0.9
C67: 根本 | F67: 200 | G67: 根本 | J67: 200 | K67: 根本 | N67: 200 | Q67: 根本 | R67: 200 | S67: 大塚 | T67: 10 | U67: =ROUND(T67*W67,0) -> 5 | V67: 15 | W67: 0.45 | X67: 大塚 | Y67: 10 | Z67: =Y67*AB67 -> 4.5 | AA67: 15 | AB67: 0.45 | AC67: 大塚 | AD67: 10 | AE67: =ROUND(AD67*AG67,0) -> 5 | AF67: 15 | AG67: 0.5 | AH67: 大塚 | AI67: 10 | AJ67: =ROUND(AI67*AL67,0) -> 5 | AK67: 15 | AL67: 0.5 | AM67: 大塚 | AN67: 10 | AO67: =ROUND(AN67*AQ67,0) -> 6 | AP67: 15 | AQ67: 0.6 | AR67: 大塚 | AS67: 10 | AT67: =ROUND(AS67*AV67,0) -> 6 | AU67: 15 | AV67: 0.6 | AW67: 大塚 | AX67: 10 | AY67: =ROUND(AX67*BA67,0) -> 7 | AZ67: 15 | BA67: 0.65 | BB67: 大塚 | BC67: 10 | BD67: =ROUND(BC67*BF67,0) -> 7 | BE67: 15 | BF67: 0.65 | BG67: 大塚 | BH67: 10 | BI67: =ROUND(BH67*BK67,0) -> 7 | BJ67: 15 | BK67: 0.7
S68: 山﨑 | T68: 80 | U68: =ROUND(T68*W68,0) -> 64 | V68: 35 | W68: 0.8 | X68: 山﨑 | Y68: 80 | Z68: =Y68*AB68 -> 64 | AA68: 35 | AB68: 0.8 | AC68: 山﨑 | AD68: 80 | AE68: =ROUND(AD68*AG68,0) -> 64 | AF68: 35 | AG68: 0.8 | AH68: 山﨑 | AI68: 80 | AJ68: =ROUND(AI68*AL68,0) -> 64 | AK68: 35 | AL68: 0.8 | AM68: 山﨑 | AN68: 80 | AO68: =ROUND(AN68*AQ68,0) -> 64 | AP68: 35 | AQ68: 0.8 | AR68: 山﨑 | AS68: 80 | AT68: =ROUND(AS68*AV68,0) -> 64 | AU68: 35 | AV68: 0.8 | AW68: 山﨑 | AX68: 80 | AY68: =ROUND(AX68*BA68,0) -> 64 | AZ68: 35 | BA68: 0.8 | BB68: 山﨑 | BC68: 80 | BD68: =ROUND(BC68*BF68,0) -> 64 | BE68: 35 | BF68: 0.8 | BG68: 山﨑 | BH68: 80 | BI68: =ROUND(BH68*BK68,0) -> 64 | BJ68: 35 | BK68: 0.8
S69: 福岡 | T69: 20 | U69: =ROUND(T69*W69,0) -> 10 | V69: 12 | W69: 0.5 | X69: 福岡 | Y69: 20 | Z69: =Y69*AB69 -> 10 | AA69: 12 | AB69: 0.5 | AC69: 福岡 | AD69: 20 | AE69: =ROUND(AD69*AG69,0) -> 10 | AF69: 12 | AG69: 0.5 | AH69: 福岡 | AI69: 20 | AJ69: =ROUND(AI69*AL69,0) -> 10 | AK69: 12 | AL69: 0.5 | AM69: 福岡 | AN69: 20 | AO69: =ROUND(AN69*AQ69,0) -> 12 | AP69: 12 | AQ69: 0.6 | AR69: 福岡 | AS69: 20 | AT69: =ROUND(AS69*AV69,0) -> 12 | AU69: 12 | AV69: 0.6 | AW69: 福岡 | AX69: 20 | AY69: =ROUND(AX69*BA69,0) -> 13 | AZ69: 12 | BA69: 0.65 | BB69: 福岡 | BC69: 20 | BD69: =ROUND(BC69*BF69,0) -> 13 | BE69: 12 | BF69: 0.65 | BG69: 福岡 | BH69: 20 | BI69: =ROUND(BH69*BK69,0) -> 14 | BJ69: 12 | BK69: 0.7
C70: 岡部 | F70: 200 | G70: 岡部 | J70: 200 | K70: 岡部 | N70: 200 | Q70: 岡部 | R70: 200 | S70: 築地原 | T70: 100 | U70: =ROUND(T70*W70,0) -> 20 | V70: 12 | W70: 0.2 | X70: 築地原 | Y70: 100 | Z70: =Y70*AB70 -> 25 | AA70: 12 | AB70: 0.25 | AC70: 築地原 | AD70: 100 | AE70: =ROUND(AD70*AG70,0) -> 30 | AF70: 12 | AG70: 0.3 | AH70: 築地原 | AI70: 100 | AJ70: =ROUND(AI70*AL70,0) -> 35 | AK70: 12 | AL70: 0.35 | AM70: 築地原 | AN70: 100 | AO70: =ROUND(AN70*AQ70,0) -> 40 | AP70: 12 | AQ70: 0.4 | AR70: 築地原 | AS70: 100 | AT70: =ROUND(AS70*AV70,0) -> 45 | AU70: 12 | AV70: 0.45 | AW70: 築地原 | AX70: 100 | AY70: =ROUND(AX70*BA70,0) -> 55 | AZ70: 12 | BA70: 0.55 | BB70: 築地原 | BC70: 100 | BD70: =ROUND(BC70*BF70,0) -> 60 | BE70: 12 | BF70: 0.6 | BG70: 築地原 | BH70: 100 | BI70: =ROUND(BH70*BK70,0) -> 65 | BJ70: 12 | BK70: 0.65
S71: 山内 | T71: 100 | U71: =ROUND(T71*W71,0) -> 0 | V71: 0 | W71: 0 | X71: 山内 | Y71: 100 | Z71: =Y71*AB71 -> 10 | AA71: 0 | AB71: 0.1 | AC71: 山内 | AD71: 100 | AE71: =ROUND(AD71*AG71,0) -> 20 | AF71: 0 | AG71: 0.2 | AH71: 山内 | AI71: 100 | AJ71: =ROUND(AI71*AL71,0) -> 30 | AK71: 0 | AL71: 0.3 | AM71: 山内 | AN71: 100 | AO71: =ROUND(AN71*AQ71,0) -> 40 | AP71: 0 | AQ71: 0.4 | AR71: 山内 | AS71: 100 | AT71: =ROUND(AS71*AV71,0) -> 45 | AU71: 10 | AV71: 0.45 | AW71: 山内 | AX71: 100 | AY71: =ROUND(AX71*BA71,0) -> 50 | AZ71: 10 | BA71: 0.5 | BB71: 山内 | BC71: 100 | BD71: =ROUND(BC71*BF71,0) -> 55 | BE71: 15 | BF71: 0.55 | BG71: 山内 | BH71: 100 | BI71: =ROUND(BH71*BK71,0) -> 60 | BJ71: 15 | BK71: 0.6
S72: 伊東 | T72: 100 | U72: =ROUND(T72*W72,0) -> 20 | V72: 10 | W72: 0.2 | X72: 伊東 | Y72: 100 | Z72: =Y72*AB72 -> 25 | AA72: 10 | AB72: 0.25 | AC72: 伊東 | AD72: 100 | AE72: =ROUND(AD72*AG72,0) -> 30 | AF72: 10 | AG72: 0.3 | AH72: 伊東 | AI72: 100 | AJ72: =ROUND(AI72*AL72,0) -> 35 | AK72: 10 | AL72: 0.35 | AM72: 伊東 | AN72: 100 | AO72: =ROUND(AN72*AQ72,0) -> 40 | AP72: 10 | AQ72: 0.4 | AR72: 伊東 | AS72: 100 | AT72: =ROUND(AS72*AV72,0) -> 45 | AU72: 10 | AV72: 0.45 | AW72: 伊東 | AX72: 100 | AY72: =ROUND(AX72*BA72,0) -> 55 | AZ72: 10 | BA72: 0.55 | BB72: 伊東 | BC72: 100 | BD72: =ROUND(BC72*BF72,0) -> 60 | BE72: 10 | BF72: 0.6 | BG72: 伊東 | BH72: 100 | BI72: =ROUND(BH72*BK72,0) -> 65 | BJ72: 10 | BK72: 0.65
S73: 平田 | T73: 100 | U73: =ROUND(T73*W73,0) -> 20 | V73: 8 | W73: 0.2 | X73: 平田 | Y73: 100 | Z73: =Y73*AB73 -> 25 | AA73: 8 | AB73: 0.25 | AC73: 平田 | AD73: 100 | AE73: =ROUND(AD73*AG73,0) -> 30 | AF73: 8 | AG73: 0.3 | AH73: 平田 | AI73: 100 | AJ73: =ROUND(AI73*AL73,0) -> 35 | AK73: 10 | AL73: 0.35 | AM73: 平田 | AN73: 100 | AO73: =ROUND(AN73*AQ73,0) -> 40 | AP73: 10 | AQ73: 0.4 | AR73: 平田 | AS73: 100 | AT73: =ROUND(AS73*AV73,0) -> 45 | AU73: 10 | AV73: 0.45 | AW73: 平田 | AX73: 100 | AY73: =ROUND(AX73*BA73,0) -> 55 | AZ73: 15 | BA73: 0.55 | BB73: 平田 | BC73: 100 | BD73: =ROUND(BC73*BF73,0) -> 60 | BE73: 15 | BF73: 0.6 | BG73: 平田 | BH73: 100 | BI73: =ROUND(BH73*BK73,0) -> 65 | BJ73: 15 | BK73: 0.65
S75: 4月 | X75: 5月 | AC75: 6月 | AH75: 7月 | AM75: 8月 | AR75: 9月 | AW75: 10月 | BB75: 11月 | BG75: 12月
S76: 合計人数 | T76: 実働時間 | U76: 実働×熟 | V76: 合計案件数 | W76: 熟練度平均 | X76: 合計人数 | Y76: 実働時間 | Z76: 実働×熟 | AA76: 合計案件数 | AB76: 熟練度平均 | AC76: 合計人数 | AD76: 実働時間 | AE76: 実働×熟 | AF76: 合計案件数 | AG76: 熟練度平均 | AH76: 合計人数 | AI76: 実働時間 | AJ76: 実働×熟 | AK76: 合計案件数 | AL76: 熟練度平均 | AM76: 合計人数 | AN76: 実働時間 | AO76: 実働×熟 | AP76: 合計案件数 | AQ76: 熟練度平均 | AR76: 合計人数 | AS76: 実働時間 | AT76: 実働×熟 | AU76: 合計案件数 | AV76: 熟練度平均 | AW76: 合計人数 | AX76: 実働時間 | AY76: 実働×熟 | AZ76: 合計案件数 | BA76: 熟練度平均 | BB76: 合計人数 | BC76: 実働時間 | BD76: 実働×熟 | BE76: 合計案件数 | BF76: 熟練度平均 | BG76: 合計人数 | BH76: 実働時間 | BI76: 実働×熟 | BJ76: 合計案件数 | BK76: 熟練度平均
B77: ※4人で1カウント | S77: =COUNTA(S52:S73)*0.25 -> 5.5 | T77: =SUM(T52:T73) -> 1425 | U77: =ROUND(SUM(U52:U73),0) -> 562 | V77: =SUM(V52:V73) -> 293 | W77: =AVERAGE(W52:W73) -> 0.45 | X77: =COUNTA(X52:X73)*0.25 -> 5.5 | Y77: =ROUND(SUM(Y52:Y73)*AB77,0) -> 658 | Z77: =ROUND(SUM(Z52:Z73),0) -> 591 | AA77: =SUM(AA52:AA73) -> 293 | AB77: =AVERAGE(AB52:AB73) -> 0.475 | AC77: =COUNTA(AC52:AC73)*0.25 -> 5.5 | AD77: =ROUND(SUM(AD52:AD73)*AG77,0) -> 674 | AE77: =ROUND(SUM(AE52:AE73),0) -> 648 | AF77: =SUM(AF52:AF73) -> 296 | AG77: =AVERAGE(AG52:AG73) -> 0.48636364 | AH77: =COUNTA(AH52:AH73)*0.25 -> 5.5 | AI77: =ROUND(SUM(AI52:AI73)*AL77,0) -> 759 | AJ77: =ROUND(SUM(AJ52:AJ73),0) -> 712 | AK77: =SUM(AK52:AK73) -> 312 | AL77: =AVERAGE(AL52:AL73) -> 0.54772727 | AM77: =COUNTA(AM52:AM73)*0.25 -> 5.5 | AN77: =ROUND(SUM(AN52:AN73)*AQ77,0) -> 812 | AO77: =ROUND(SUM(AO52:AO73),0) -> 768 | AP77: =SUM(AP52:AP73) -> 307 | AQ77: =AVERAGE(AQ52:AQ73) -> 0.58636364 | AR77: =COUNTA(AR52:AR73)*0.25 -> 5.5 | AS77: =ROUND(SUM(AS52:AS73)*AV77,0) -> 852 | AT77: =ROUND(SUM(AT52:AT73),0) -> 816 | AU77: =SUM(AU52:AU73) -> 317 | AV77: =AVERAGE(AV52:AV73) -> 0.60227273 | AW77: =COUNTA(AW52:AW73)*0.25 -> 5.5 | AX77: =ROUND(SUM(AX52:AX73)*BA77,0) -> 897 | AY77: =ROUND(SUM(AY52:AY73),0) -> 870 | AZ77: =SUM(AZ52:AZ73) -> 322 | BA77: =AVERAGE(BA52:BA73) -> 0.64772727 | BB77: =COUNTA(BB52:BB73)*0.25 -> 5.5 | BC77: =ROUND(SUM(BC52:BC73)*BF77,0) -> 929 | BD77: =ROUND(SUM(BD52:BD73),0) -> 909 | BE77: =SUM(BE52:BE73) -> 327 | BF77: =AVERAGE(BF52:BF73) -> 0.67045455 | BG77: =COUNTA(BG52:BG73)*0.25 -> 5.5 | BH77: =ROUND(SUM(BH52:BH73)*BK77,0) -> 970 | BI77: =ROUND(SUM(BI52:BI73),0) -> 951 | BJ77: =SUM(BJ52:BJ73) -> 327 | BK77: =AVERAGE(BK52:BK73) -> 0.7
A79: 全体 | S79: 4月 | X79: 5月 | AC79: 6月 | AH79: 7月 | AM79: 8月 | AR79: 9月 | AW79: 10月 | BB79: 11月 | BG79: 12月
S80: 合計人数 | T80: 実働時間 | U80: 実働×熟 | V80: 合計案件数 | W80: 熟練度平均 | X80: 合計人数 | Y80: 実働時間 | Z80: 実働×熟 | AA80: 合計案件数 | AB80: 熟練度平均 | AC80: 合計人数 | AD80: 実働時間 | AE80: 実働×熟 | AF80: 合計案件数 | AG80: 熟練度平均 | AH80: 合計人数 | AI80: 実働時間 | AJ80: 実働×熟 | AK80: 合計案件数 | AL80: 熟練度平均 | AM80: 合計人数 | AN80: 実働時間 | AO80: 実働×熟 | AP80: 合計案件数 | AQ80: 熟練度平均 | AR80: 合計人数 | AS80: 実働時間 | AT80: 実働×熟 | AU80: 合計案件数 | AV80: 熟練度平均 | AW80: 合計人数 | AX80: 実働時間 | AY80: 実働×熟 | AZ80: 合計案件数 | BA80: 熟練度平均 | BB80: 合計人数 | BC80: 実働時間 | BD80: 実働×熟 | BE80: 合計案件数 | BF80: 熟練度平均 | BG80: 合計人数 | BH80: 実働時間 | BI80: 実働×熟 | BJ80: 合計案件数 | BK80: 熟練度平均
S81: =ROUND(SUM(S47,S77),0) -> 28 | T81: =SUM(T47,T77) -> 5760 | U81: =SUM(U47,U77) -> 2490 | V81: =SUM(V47,V77) -> 933 | W81: =AVERAGE(W47,W77) -> 0.43981481 | X81: =ROUND(SUM(X47,X77),0) -> 29 | Y81: =SUM(Y47,Y77) -> 5053 | Z81: =SUM(Z47,Z77) -> 2633 | AA81: =SUM(AA47,AA77) -> 947 | AB81: =AVERAGE(AB47,AB77) -> 0.4625 | AC81: =ROUND(SUM(AC47,AC77),0) -> 30 | AD81: =SUM(AD47,AD77) -> 5319 | AE81: =SUM(AE47,AE77) -> 2876 | AF81: =SUM(AF47,AF77) -> 937 | AG81: =AVERAGE(AG47,AG77) -> 0.48693182 | AH81: =ROUND(SUM(AH47,AH77),0) -> 29 | AI81: =SUM(AI47,AI77) -> 5254 | AJ81: =SUM(AJ47,AJ77) -> 2973 | AK81: =SUM(AK47,AK77) -> 948 | AL81: =AVERAGE(AL47,AL77) -> 0.53636364 | AM81: =ROUND(SUM(AM47,AM77),0) -> 28 | AN81: =SUM(AN47,AN77) -> 4957 | AO81: =SUM(AO47,AO77) -> 3028 | AP81: =SUM(AP47,AP77) -> 944 | AQ81: =AVERAGE(AQ47,AQ77) -> 0.57651515 | AR81: =ROUND(SUM(AR47,AR77),0) -> 28 | AS81: =SUM(AS47,AS77) -> 4832 | AT81: =SUM(AT47,AT77) -> 3148 | AU81: =SUM(AU47,AU77) -> 977 | AV81: =AVERAGE(AV47,AV77) -> 0.60439723 | AW81: =ROUND(SUM(AW47,AW77),0) -> 28 | AX81: =SUM(AX47,AX77) -> 4877 | AY81: =SUM(AY47,AY77) -> 3436 | AZ81: =SUM(AZ47,AZ77) -> 989 | BA81: =AVERAGE(BA47,BA77) -> 0.65538538 | BB81: =ROUND(SUM(BB47,BB77),0) -> 28 | BC81: =SUM(BC47,BC77) -> 4909 | BD81: =SUM(BD47,BD77) -> 3591.25 | BE81: =SUM(BE47,BE77) -> 1034 | BF81: =AVERAGE(BF47,BF77) -> 0.68087945 | BG81: =ROUND(SUM(BG47,BG77),0) -> 28 | BH81: =SUM(BH47,BH77) -> 4530 | BI81: =SUM(BI47,BI77) -> 3567.25 | BJ81: =SUM(BJ47,BJ77) -> 1055 | BK81: =AVERAGE(BK47,BK77) -> 0.72380952

Sheet 事務管理
A1: 事務管理マンパワー推移2026
E2: 1Q | K2: 2Q | Q2: 3Q | W2: 4Q
A3: 社員＋スタッフ | C3: 12月 | E3: 1月 | G3: 2月 | I3: 3月 | K3: 4月 | M3: 5月 | O3: 6月 | Q3: 7月 | S3: 8月 | U3: 9月 | W3: 10月 | Y3: 11月 | AA3: 12月
A4: 事務管理＋スタッフ | C4: =C47 -> 17 | E4: =SUM(E26,E57) -> 26 | G4: =SUM(G26,G57) -> 26 | I4: =SUM(I26,I57) -> 24 | K4: =SUM(K26,K57) -> 27 | M4: =SUM(M26,M57) -> 26 | O4: =SUM(O26,O57) -> 29 | Q4: =SUM(Q26,Q57) -> 29 | S4: =SUM(S26,S57) -> 29 | U4: =SUM(U26,U57) -> 29 | W4: =SUM(W26,W57) -> 29 | Y4: =SUM(Y26,Y57) -> 28 | AA4: =SUM(AA26,AA57) -> 28
A5: 労働時間 | C5: =C48 -> 0 | E5: =SUM(F26,F57) -> 1838 | G5: =SUM(H26,H57) -> 1838 | I5: =SUM(J26,J57) -> 1718 | K5: =SUM(L26,L57) -> 1793 | M5: =SUM(N26,N57) -> 1793 | O5: =SUM(P26,P57) -> 1973 | Q5: =SUM(R26,R57) -> 1973 | S5: =SUM(T26,T57) -> 1973 | U5: =SUM(V26,V57) -> 1973 | W5: =SUM(V26,V57) -> 1973 | Y5: =SUM(V26,V57) -> 1973 | AA5: =SUM(V26,V57) -> 1973
A6: 事務管理（人数） | C6: =C46 -> 0 | E6: =E26 -> 6 | G6: =G26 -> 6 | I6: =I26 -> 6 | K6: =K26 -> 7 | M6: =M26 -> 7 | O6: =O26 -> 7 | Q6: =Q26 -> 7 | S6: =S26 -> 7 | U6: =U26 -> 7 | W6: =W26 -> 7 | Y6: =Y26 -> 7 | AA6: =AA26 -> 7 | AD6: 総合職：180時間
A7: 相続スタッフ（人数） | C7: =C47 -> 17 | E7: =E57 -> 20 | G7: =G57 -> 20 | I7: =I57 -> 18 | K7: =K57 -> 20 | M7: =M57 -> 19 | O7: =O57 -> 22 | Q7: =Q57 -> 22 | S7: =S57 -> 22 | U7: =U57 -> 22 | W7: =W57 -> 22 | Y7: =Y57 -> 21 | AA7: =AA57 -> 21 | AD7: 一般職：158時間
A8: スタッフ労働時間 | E8: =F57 -> 1200 | G8: =H57 -> 1200 | I8: =J57 -> 1080 | K8: =L57 -> 1140 | M8: =N57 -> 1140 | O8: =P57 -> 1320 | Q8: =R57 -> 1320 | S8: =T57 -> 1320 | U8: =V57 -> 1320 | W8: =X57 -> 1260 | Y8: =Z57 -> 1260 | AA8: =AB57 -> 1260 | AD8: 時短A ：133時間
A9: 流動人員 | C9: 受注担当内訳
A10: 26卒（人数） | E10: =E72 -> 8 | G10: =G72 -> 8 | I10: =I72 -> 8 | K10: =K72 -> 12 | M10: =M72 -> 12 | O10: =O72 -> 4 | Q10: =Q72 -> 4 | S10: =S72 -> 0 | U10: =U72 -> 0 | W10: =W72 -> 0 | Y10: =Y72 -> 0 | AA10: =AA72 -> 0 | AD10: 18時時短A：154時間
A11: 研修中社員（人数） | E11: =E87 -> 5 | G11: =G87 -> 6 | I11: =I87 -> 6 | K11: =K87 -> 5 | M11: =M87 -> 4 | O11: =O87 -> 5 | Q11: =Q87 -> 1 | S11: =S87 -> 1 | U11: =U87 -> 1 | W11: =W87 -> 1 | Y11: =Y87 -> 1 | AA11: =AA87 -> 0 | AD11: 時短B ：124時間
A12: インターン（人数） | E12: =E98 -> 5 | G12: =G98 -> 5 | I12: =I98 -> 4 | K12: =K98 -> 4 | M12: =M98 -> 4 | O12: =O98 -> 4 | Q12: =Q98 -> 4 | S12: =S98 -> 4 | U12: =U98 -> 4 | W12: =W98 -> 4 | Y12: =Y98 -> 4 | AA12: =AA98 -> 4
A13: 流動人員 労働時間 | E13: =ROUND((SUM(F72,F87,F98)*0.7),0) -> 886 | G13: =ROUND((SUM(H72,H87,H98)*0.7),0) -> 956 | I13: =ROUND((SUM(J72,J87,J98)*0.7),0) -> 868 | K13: =ROUND((SUM(L72,L87,L98)*0.7),0) -> 764 | M13: =ROUND((SUM(N72,N87,N98)*0.7),0) -> 855 | O13: =ROUND((SUM(P72,P87,P98)*0.7),0) -> 468 | Q13: =ROUND((SUM(R72,R87,R98)*0.7),0) -> 258 | S13: =ROUND((SUM(T72,T87,T98)*0.7),0) -> 126 | U13: =ROUND((SUM(V72,V87,V98)*0.7),0) -> 140 | W13: =ROUND((SUM(X72,X87,X98)*0.7),0) -> 154 | Y13: =ROUND((SUM(Z72,Z87,Z98)*0.7),0) -> 126 | AA13: =ROUND((SUM(AB72,AB87,AB98)*0.7),0) -> 70
A14: 総数 | C14: 受注担当内訳
A15: 事務管理総数 | E15: =SUM(E6,E7,E10,E11,E12) -> 44 | G15: =SUM(G6,G7,G10,G11,G12) -> 45 | I15: =SUM(I6,I7,I10,I11,I12) -> 42 | K15: =SUM(K6,K7,K10,K11,K12) -> 48 | M15: =SUM(M6,M7,M10,M11,M12) -> 46 | O15: =SUM(O6,O7,O10,O11,O12) -> 42 | Q15: =SUM(Q6,Q7,Q10,Q11,Q12) -> 38 | S15: =SUM(S6,S7,S10,S11,S12) -> 34 | U15: =SUM(U6,U7,U10,U11,U12) -> 34 | W15: =SUM(W6,W7,W10,W11,W12) -> 34 | Y15: =SUM(Y6,Y7,Y10,Y11,Y12) -> 33 | AA15: =SUM(AA6,AA7,AA10,AA11,AA12) -> 32
A16: 総労働時間 | E16: =SUM(E5,E13) -> 2724 | G16: =SUM(G5,G13) -> 2794 | I16: =SUM(I5,I13) -> 2586 | K16: =SUM(K5,K13) -> 2557 | M16: =SUM(M5,M13) -> 2648 | O16: =SUM(O5,O13) -> 2441 | Q16: =SUM(Q5,Q13) -> 2231 | S16: =SUM(S5,S13) -> 2099 | U16: =SUM(U5,U13) -> 2113 | W16: =SUM(W5,W13) -> 2127 | Y16: =SUM(Y5,Y13) -> 2099 | AA16: =SUM(AA5,AA13) -> 2043
C17: 受注担当内訳
A18: 事務管理社員 | C18: 12月 | E18: 1月 | G18: 2月 | I18: 3月 | K18: 4月 | M18: 5月 | O18: 6月 | Q18: 7月 | S18: 8月 | U18: 9月 | W18: 10月 | Y18: 11月 | AA18: 12月 | AD18: リーダーは-30ｈ
B19: 時短B | C19: 山田 | D19: 200 | E19: 入江 | F19: 94 | G19: 入江 | H19: 94 | I19: 入江 | J19: 94 | K19: 入江 | L19: 94 | M19: 入江 | N19: 94 | O19: 入江 | P19: 94 | Q19: 入江 | R19: 94 | S19: 入江 | T19: 94 | U19: 入江 | V19: 94 | W19: 入江 | X19: 94 | Y19: 入江 | Z19: 94 | AA19: 入江 | AB19: 94 | AD19: メンバーは－25h
B20: 18時時短A | C20: 嶋津 | D20: 200 | E20: 今野 | F20: 124 | G20: 今野 | H20: 124 | I20: 今野 | J20: 124 | K20: 今野 | L20: 124 | M20: 今野 | N20: 124 | O20: 今野 | P20: 124 | Q20: 今野 | R20: 124 | S20: 今野 | T20: 124 | U20: 今野 | V20: 124 | W20: 今野 | X20: 124 | Y20: 今野 | Z20: 124 | AA20: 今野 | AB20: 124
B21: 時短B | C21: 五十嵐 | D21: 200 | E21: 岡田 | F21: 94 | G21: 岡田 | H21: 94 | I21: 岡田 | J21: 94 | K21: 岡田 | L21: 94 | M21: 岡田 | N21: 94 | O21: 岡田 | P21: 94 | Q21: 岡田 | R21: 94 | S21: 岡田 | T21: 94 | U21: 岡田 | V21: 94 | W21: 岡田 | X21: 94 | Y21: 岡田 | Z21: 94 | AA21: 岡田 | AB21: 94
B22: 時短B | C22: 伊藤 | D22: 200 | E22: 大黒 | F22: 99 | G22: 大黒 | H22: 99 | I22: 大黒 | J22: 99 | K22: 大黒 | L22: 99 | M22: 大黒 | N22: 99 | O22: 大黒 | P22: 99 | Q22: 大黒 | R22: 99 | S22: 大黒 | T22: 99 | U22: 大黒 | V22: 99 | W22: 大黒 | X22: 99 | Y22: 大黒 | Z22: 99 | AA22: 大黒 | AB22: 99
B23: 一般職 | C23: 渡邉 | D23: 200 | E23: 駒﨑 | F23: 133 | G23: 駒﨑 | H23: 133 | I23: 駒﨑 | J23: 133 | K23: 駒﨑 | L23: 133 | M23: 駒﨑 | N23: 133 | O23: 駒﨑 | P23: 133 | Q23: 駒﨑 | R23: 133 | S23: 駒﨑 | T23: 133 | U23: 駒﨑 | V23: 133 | W23: 駒﨑 | X23: 133 | Y23: 駒﨑 | Z23: 133 | AA23: 駒﨑 | AB23: 133
B24: 時短C | C24: 梅澤 | D24: 200 | E24: 本多 | F24: 94 | G24: 本多 | H24: 94 | I24: 本多 | J24: 94 | K24: 本多 | L24: 94 | M24: 本多 | N24: 94 | O24: 本多 | P24: 94 | Q24: 本多 | R24: 94 | S24: 本多 | T24: 94 | U24: 本多 | V24: 94 | W24: 本多 | X24: 94 | Y24: 本多 | Z24: 94 | AA24: 本多 | AB24: 94
B25: 時短C | K25: 米田 | L25: 15 | M25: 米田 | N25: 15 | O25: 米田 | P25: 15 | Q25: 米田 | R25: 15 | S25: 米田 | T25: 15 | U25: 米田 | V25: 15 | W25: 米田 | X25: 15 | Y25: 米田 | Z25: 15 | AA25: 米田 | AB25: 15 | AD25: ※米田さんは事務管理としての稼働ほぼなし
E26: =COUNTA(E19:E25) -> 6 | F26: =SUM(F19:F25) -> 638 | G26: =COUNTA(G19:G25) -> 6 | H26: =SUM(H19:H25) -> 638 | I26: =COUNTA(I19:I25) -> 6 | J26: =SUM(J19:J25) -> 638 | K26: =COUNTA(K19:K25) -> 7 | L26: =SUM(L19:L25) -> 653 | M26: =COUNTA(M19:M25) -> 7 | N26: =SUM(N19:N25) -> 653 | O26: =COUNTA(O19:O25) -> 7 | P26: =SUM(P19:P25) -> 653 | Q26: =COUNTA(Q19:Q25) -> 7 | R26: =SUM(R19:R25) -> 653 | S26: =COUNTA(S19:S25) -> 7 | T26: =SUM(T19:T25) -> 653 | U26: =COUNTA(U19:U25) -> 7 | V26: =SUM(V19:V25) -> 653 | W26: =COUNTA(W19:W25) -> 7 | X26: =SUM(X19:X25) -> 653 | Y26: =COUNTA(Y19:Y25) -> 7 | Z26: =SUM(Z19:Z25) -> 653 | AA26: =COUNTA(AA19:AA25) -> 7 | AB26: =SUM(AB19:AB25) -> 653
A28: 相続スタッフ | C28: 12月 | E28: 1月 | G28: 2月 | I28: 3月 | K28: 4月 | M28: 5月 | O28: 6月 | Q28: 7月 | S28: 8月 | U28: 9月 | W28: 10月 | Y28: 11月 | AA28: 12月
C29: 鵜飼 | D29: 200 | E29: 松浦 | F29: 60 | G29: 松浦 | H29: 60 | I29: 松浦 | J29: 60 | K29: 松浦 | L29: 60 | M29: 松浦 | N29: 60 | O29: 松浦 | P29: 60 | Q29: 松浦 | R29: 60 | S29: 松浦 | T29: 60 | U29: 松浦 | V29: 60 | W29: 松浦 | X29: 60 | Y29: 松浦 | Z29: 60 | AA29: 松浦 | AB29: 60
C30: 齋藤 | D30: 200 | E30: 鈴木 | F30: 60 | G30: 鈴木 | H30: 60 | I30: 鈴木 | J30: 60 | K30: 鈴木 | L30: 60 | M30: 鈴木 | N30: 60 | O30: 鈴木 | P30: 60 | Q30: 鈴木 | R30: 60 | S30: 鈴木 | T30: 60 | U30: 鈴木 | V30: 60 | W30: 鈴木 | X30: 60 | Y30: 鈴木 | Z30: 60 | AA30: 鈴木 | AB30: 60
C31: 藤田 | D31: 130 | E31: 北村 | F31: 60 | G31: 北村 | H31: 60 | I31: 北村 | J31: 60 | K31: 北村 | L31: 60 | M31: 北村 | N31: 60 | O31: 北村 | P31: 60 | Q31: 北村 | R31: 60 | S31: 北村 | T31: 60 | U31: 北村 | V31: 60 | W31: 北村 | X31: 60 | Y31: 北村 | Z31: 60 | AA31: 北村 | AB31: 60
C32: 馬場 | D32: 200 | E32: 平 | F32: 60 | G32: 平 | H32: 60 | I32: 平 | J32: 60 | K32: 平 | L32: 60 | M32: 平 | N32: 60 | O32: 平 | P32: 60 | Q32: 平 | R32: 60 | S32: 平 | T32: 60 | U32: 平 | V32: 60 | W32: 平 | X32: 60 | Y32: 平 | Z32: 60 | AA32: 平 | AB32: 60
C33: 角田 | D33: 200 | E33: 佐田 | F33: 60 | G33: 佐田 | H33: 60 | I33: 佐田 | J33: 60 | K33: 佐田 | L33: 60 | M33: 佐田 | N33: 60 | O33: 佐田 | P33: 60 | Q33: 佐田 | R33: 60 | S33: 佐田 | T33: 60 | U33: 佐田 | V33: 60 | W33: 佐田 | X33: 60 | Y33: 佐田 | Z33: 60 | AA33: 佐田 | AB33: 60
B34: 3 月～産休 | C34: 山崎 | D34: 200 | E34: 正中 | F34: 60 | G34: 正中 | H34: 60
C35: 森谷 | D35: 200 | E35: 前田 | F35: 60 | G35: 前田 | H35: 60 | I35: 前田 | J35: 60 | K35: 前田 | L35: 60 | M35: 前田 | N35: 60 | O35: 前田 | P35: 60 | Q35: 前田 | R35: 60 | S35: 前田 | T35: 60 | U35: 前田 | V35: 60 | W35: 前田 | X35: 60 | Y35: 前田 | Z35: 60 | AA35: 前田 | AB35: 60
C36: 新井 | D36: 100 | G36: 宮﨑 | H36: 60 | I36: 宮﨑 | J36: 60 | K36: 宮﨑 | L36: 60 | M36: 宮﨑 | N36: 60 | O36: 宮﨑 | P36: 60 | Q36: 宮﨑 | R36: 60 | S36: 宮﨑 | T36: 60 | U36: 宮﨑 | V36: 60 | W36: 宮﨑 | X36: 60 | Y36: 宮﨑 | Z36: 60 | AA36: 宮﨑 | AB36: 60
B37: 4月末退職 | C37: 花井 | D37: 200 | E37: 関野 | F37: 60 | G37: 関野 | H37: 60 | I37: 関野 | J37: 60 | K37: 関野 | L37: 60
C38: 杉原 | D38: 110 | E38: 橋本 | F38: 60 | G38: 橋本 | H38: 60 | I38: 橋本 | J38: 60 | K38: 橋本 | L38: 60 | M38: 橋本 | N38: 60 | O38: 橋本 | P38: 60 | Q38: 橋本 | R38: 60 | S38: 橋本 | T38: 60 | U38: 橋本 | V38: 60 | W38: 橋本 | X38: 60 | Y38: 橋本 | Z38: 60 | AA38: 橋本 | AB38: 60
E39: 岡田 | F39: 60 | G39: 岡田 | H39: 60 | I39: 岡田 | J39: 60 | K39: 岡田 | L39: 60 | M39: 岡田 | N39: 60 | O39: 岡田 | P39: 60 | Q39: 岡田 | R39: 60 | S39: 岡田 | T39: 60 | U39: 岡田 | V39: 60 | W39: 岡田 | X39: 60 | Y39: 岡田 | Z39: 60 | AA39: 岡田 | AB39: 60
E40: 田代 | F40: 60 | G40: 田代 | H40: 60 | I40: 田代 | J40: 60 | K40: 田代 | L40: 60 | M40: 田代 | N40: 60 | O40: 田代 | P40: 60 | Q40: 田代 | R40: 60 | S40: 田代 | T40: 60 | U40: 田代 | V40: 60 | W40: 田代 | X40: 60 | Y40: 田代 | Z40: 60 | AA40: 田代 | AB40: 60
B41: 2月末退職 | E41: 横山 | F41: 60 | G41: 横山 | H41: 60
E42: 安田 | F42: 60 | G42: 安田 | H42: 60 | I42: 安田 | J42: 60 | K42: 安田 | L42: 60 | M42: 安田 | N42: 60 | O42: 安田 | P42: 60 | Q42: 安田 | R42: 60 | S42: 安田 | T42: 60 | U42: 安田 | V42: 60 | W42: 安田 | X42: 60 | Y42: 安田 | Z42: 60 | AA42: 安田 | AB42: 60
E43: 田村 | F43: 60 | G43: 田村 | H43: 60 | I43: 田村 | J43: 60 | K43: 田村 | L43: 60 | M43: 田村 | N43: 60 | O43: 田村 | P43: 60 | Q43: 田村 | R43: 60 | S43: 田村 | T43: 60 | U43: 田村 | V43: 60 | W43: 田村 | X43: 60 | Y43: 田村 | Z43: 60 | AA43: 田村 | AB43: 60
E44: 杉本 | F44: 60 | G44: 杉本 | H44: 60 | I44: 杉本 | J44: 60 | K44: 杉本 | L44: 60 | M44: 杉本 | N44: 60 | O44: 杉本 | P44: 60 | Q44: 杉本 | R44: 60 | S44: 杉本 | T44: 60 | U44: 杉本 | V44: 60 | W44: 杉本 | X44: 60 | Y44: 杉本 | Z44: 60 | AA44: 杉本 | AB44: 60
B45: 1月末退職 | E45: 星萌 | F45: 60
E46: 田中 | F46: 60 | G46: 田中 | H46: 60 | I46: 田中 | J46: 60 | K46: 田中 | L46: 60 | M46: 田中 | N46: 60 | O46: 田中 | P46: 60 | Q46: 田中 | R46: 60 | S46: 田中 | T46: 60 | U46: 田中 | V46: 60 | W46: 田中 | X46: 60 | Y46: 田中 | Z46: 60 | AA46: 田中 | AB46: 60
C47: =COUNTA(C19:C46) -> 17 | D47: =SUM(D19:D46) -> 2940 | E47: 佐藤 | F47: 60 | G47: 佐藤 | H47: 60 | I47: 佐藤 | J47: 60 | K47: 佐藤 | L47: 60 | M47: 佐藤 | N47: 60 | O47: 佐藤 | P47: 60 | Q47: 佐藤 | R47: 60 | S47: 佐藤 | T47: 60 | U47: 佐藤 | V47: 60 | W47: 佐藤 | X47: 60 | Y47: 佐藤 | Z47: 60 | AA47: 佐藤 | AB47: 60
E48: 得能 | F48: 60 | G48: 得能 | H48: 60 | I48: 得能 | J48: 60 | K48: 得能 | L48: 60 | M48: 得能 | N48: 60 | O48: 得能 | P48: 60 | Q48: 得能 | R48: 60 | S48: 得能 | T48: 60 | U48: 得能 | V48: 60 | W48: 得能 | X48: 60 | Y48: 得能 | Z48: 60 | AA48: 得能 | AB48: 60
B49: 藤沢 | E49: 荻野 | F49: 60 | G49: 荻野 | H49: 60 | I49: 荻野 | J49: 60 | K49: 荻野 | L49: 60 | M49: 荻野 | N49: 60 | O49: 荻野 | P49: 60 | Q49: 荻野 | R49: 60 | S49: 荻野 | T49: 60 | U49: 荻野 | V49: 60 | W49: 荻野 | X49: 60 | Y49: 荻野 | Z49: 60 | AA49: 荻野 | AB49: 60
K50: 松下 | L50: 30 | M50: 松下 | N50: 60 | O50: 松下 | P50: 60 | Q50: 松下 | R50: 60 | S50: 松下 | T50: 60 | U50: 松下 | V50: 60 | W50: 松下 | X50: 60 | Y50: 松下 | Z50: 60 | AA50: 松下 | AB50: 60
K51: 田村 | L51: 30 | M51: 田村 | N51: 60 | O51: 田村 | P51: 60 | Q51: 田村 | R51: 60 | S51: 田村 | T51: 60 | U51: 田村 | V51: 60 | W51: 田村 | X51: 60 | Y51: 田村 | Z51: 60 | AA51: 田村 | AB51: 60
B52: 藤沢 | O52: 渡辺 | P52: 60 | Q52: 渡辺 | R52: 60 | S52: 渡辺 | T52: 60 | U52: 渡辺 | V52: 60 | W52: 渡辺 | X52: 60 | Y52: 渡辺 | Z52: 60 | AA52: 渡辺 | AB52: 60
O53: 綿引 | P53: 60 | Q53: 綿引 | R53: 60 | S53: 綿引 | T53: 60 | U53: 綿引 | V53: 60 | W53: 綿引 | X53: 60 | Y53: 綿引 | Z53: 60 | AA53: 綿引 | AB53: 60
O54: 竹内 | P54: 60 | Q54: 竹内 | R54: 60 | S54: 竹内 | T54: 60 | U54: 竹内 | V54: 60 | W54: 登記Tへ?
E57: =COUNTA(E29:E56) -> 20 | F57: =SUM(F29:F56) -> 1200 | G57: =COUNTA(G29:G56) -> 20 | H57: =SUM(H29:H56) -> 1200 | I57: =COUNTA(I29:I56) -> 18 | J57: =SUM(J29:J56) -> 1080 | K57: =COUNTA(K29:K56) -> 20 | L57: =SUM(L29:L56) -> 1140 | M57: =COUNTA(M29:M56) -> 19 | N57: =SUM(N29:N56) -> 1140 | O57: =COUNTA(O29:O56) -> 22 | P57: =SUM(P29:P56) -> 1320 | Q57: =COUNTA(Q29:Q56) -> 22 | R57: =SUM(R29:R56) -> 1320 | S57: =COUNTA(S29:S56) -> 22 | T57: =SUM(T29:T56) -> 1320 | U57: =COUNTA(U29:U56) -> 22 | V57: =SUM(V29:V56) -> 1320 | W57: =COUNTA(W29:W56) -> 22 | X57: =SUM(X29:X56) -> 1260 | Y57: =COUNTA(Y29:Y56) -> 21 | Z57: =SUM(Z29:Z56) -> 1260 | AA57: =COUNTA(AA29:AA56) -> 21 | AB57: =SUM(AB29:AB56) -> 1260
C58: 受注候補内訳
A59: 26卒 | C59: 12月 | E59: 1月 | G59: 2月 | I59: 3月 | K59: 4月 | M59: 5月 | O59: 6月 | Q59: 7月 | S59: 8月 | U59: 9月 | W59: 10月 | Y59: 11月 | AA59: 12月
C60: 上村 | D60: 200 | E60: 芹ケ野 | F60: 80 | G60: 芹ケ野 | H60: 80 | I60: 芹ケ野 | J60: 80 | K60: 芹ケ野 | L60: 33 | M60: 芹ケ野 | N60: 39
E61: 間瀬 | F61: 80 | G61: 間瀬 | H61: 80 | I61: 間瀬 | J61: 80 | K61: 間瀬 | L61: 44 | M61: 間瀬 | N61: 55
E62: 守友 | F62: 80 | G62: 守友 | H62: 80 | I62: 守友 | J62: 80 | K62: 守友 | L62: 44 | M62: 守友 | N62: 55
E63: 比護 | F63: 80 | G63: 比護 | H63: 80 | I63: 比護 | J63: 80 | K63: 比護 | L63: 44 | M63: 比護 | N63: 55
E64: 外所 | F64: 80 | G64: 外所 | H64: 80 | I64: 外所 | J64: 80 | K64: 外所 | L64: 44 | M64: 外所 | N64: 55
E65: 築地原 | F65: 80 | G65: 築地原 | H65: 80 | I65: 築地原 | J65: 80 | K65: 築地原 | L65: 33 | M65: 築地原 | N65: 39
E66: 伊東 | F66: 80 | G66: 伊東 | H66: 80 | I66: 伊東 | J66: 80 | K66: 伊東 | L66: 33 | M66: 伊東 | N66: 39
E67: 平田 | F67: 80 | G67: 平田 | H67: 80 | I67: 平田 | J67: 80 | K67: 平田 | L67: 33 | M67: 平田 | N67: 39
K68: 山内 | L68: 44 | M68: 山内 | N68: 55 | O68: 山内 | P68: 33 | Q68: 山内 | R68: 33
K69: 宮内 | L69: 44 | M69: 宮内 | N69: 55 | O69: 宮内 | P69: 33 | Q69: 宮内 | R69: 33
K70: 森山 | L70: 44 | M70: 森山 | N70: 55 | O70: 森山 | P70: 33 | Q70: 森山 | R70: 33
B71: 一般職 | K71: 宮本 | L71: 71 | M71: 宮本 | N71: 100 | O71: 宮本 | P71: 80 | Q71: 宮本 | R71: 50
C72: =COUNTA(C60:C71) -> 1 | E72: =COUNTA(E60:E71) -> 8 | F72: =SUM(F60:F71) -> 640 | G72: =COUNTA(G60:G71) -> 8 | H72: =SUM(H60:H71) -> 640 | I72: =COUNTA(I60:I71) -> 8 | J72: =SUM(J60:J71) -> 640 | K72: =COUNTA(K60:K71) -> 12 | L72: =SUM(L60:L71) -> 511 | M72: =COUNTA(M60:M71) -> 12 | N72: =SUM(N60:N71) -> 641 | O72: =COUNTA(O60:O71) -> 4 | P72: =SUM(P60:P71) -> 179 | Q72: =COUNTA(Q60:Q71) -> 4 | R72: =SUM(R60:R71) -> 149 | S72: =COUNTA(S60:S71) -> 0 | T72: =SUM(T60:T71) -> 0 | U72: =COUNTA(U60:U71) -> 0 | V72: =SUM(V60:V71) -> 0 | W72: =COUNTA(W60:W71) -> 0 | X72: =SUM(X60:X71) -> 0 | Y72: =COUNTA(Y60:Y71) -> 0 | Z72: =SUM(Z60:Z71) -> 0 | AA72: =COUNTA(AA60:AA71) -> 0 | AB72: =SUM(AB60:AB71) -> 0
A74: 研修中社員 | C74: 12月 | E74: 1月 | G74: 2月 | I74: 3月 | K74: 4月 | M74: 5月 | O74: 6月 | Q74: 7月 | S74: 8月 | U74: 9月 | W74: 10月 | Y74: 11月 | AA74: 12月
E75: 市川 | F75: 100 | G75: 市川 | H75: 100 | I75: 市川 | J75: 80 | U75: 桒原 | V75: 100 | W75: 桒原 | X75: 120 | Y75: 桒原 | Z75: 80
E76: 登坂 | F76: 100 | G76: 登坂 | H76: 100 | I76: 登坂 | J76: 80
E77: 加藤 | F77: 100 | G77: 加藤 | H77: 100 | I77: 加藤 | J77: 80
E78: 藤倉 | F78: 100 | G78: 藤倉 | H78: 100 | I78: 藤倉 | J78: 80
E79: 提箸 | F79: 100 | G79: 提箸 | H79: 100 | I79: 提箸 | J79: 80
G80: 鎌田 | H80: 100 | I80: 鎌田 | J80: 100 | K80: 鎌田 | L80: 80
K81: 中田 | L81: 100 | M81: 中田 | N81: 120 | O81: 中田 | P81: 50
K82: 太田 | L82: 100 | M82: 太田 | N82: 120 | O82: 太田 | P82: 80
K83: 西原 | L83: 100 | M83: 西原 | N83: 120 | O83: 西原 | P83: 80
K84: 長谷川 | L84: 100 | M84: 長谷川 | N84: 120 | O84: 長谷川 | P84: 80
O85: 酒井 | P85: 100 | Q85: 酒井 | R85: 120 | S85: 酒井 | T85: 80
E87: =COUNTA(E75:E86) -> 5 | F87: =SUM(F75:F86) -> 500 | G87: =COUNTA(G75:G86) -> 6 | H87: =SUM(H75:H86) -> 600 | I87: =COUNTA(I75:I86) -> 6 | J87: =SUM(J75:J86) -> 500 | K87: =COUNTA(K75:K86) -> 5 | L87: =SUM(L75:L86) -> 480 | M87: =COUNTA(M75:M86) -> 4 | N87: =SUM(N75:N86) -> 480 | O87: =COUNTA(O75:O86) -> 5 | P87: =SUM(P75:P86) -> 390 | Q87: =COUNTA(Q75:Q86) -> 1 | R87: =SUM(R75:R86) -> 120 | S87: =COUNTA(S75:S86) -> 1 | T87: =SUM(T75:T86) -> 80 | U87: =COUNTA(U75:U86) -> 1 | V87: =SUM(V75:V86) -> 100 | W87: =COUNTA(W75:W86) -> 1 | X87: =SUM(X75:X86) -> 120 | Y87: =COUNTA(Y75:Y86) -> 1 | Z87: =SUM(Z75:Z86) -> 80 | AA87: =COUNTA(AA75:AA86) -> 0 | AB87: =SUM(AB75:AB86) -> 0
A89: インターン | C89: 12月 | E89: 1月 | G89: 2月 | I89: 3月 | K89: 4月 | M89: 5月 | O89: 6月 | Q89: 7月 | S89: 8月 | U89: 9月 | W89: 10月 | Y89: 11月 | AA89: 12月
E90: 渡辺 | F90: 25 | G90: 渡辺 | H90: 25 | I90: 渡辺 | J90: 25 | K90: 渡辺 | L90: 25 | M90: 渡辺 | N90: 25 | O90: 渡辺 | P90: 25 | Q90: 渡辺 | R90: 25 | S90: 渡辺 | T90: 25 | U90: 渡辺 | V90: 25 | W90: 渡辺 | X90: 25 | Y90: 渡辺 | Z90: 25 | AA90: 渡辺 | AB90: 25
E91: 坂木 | F91: 25 | G91: 坂木 | H91: 25 | I91: 坂木 | J91: 25 | K91: 坂木 | L91: 25 | M91: 坂木 | N91: 25 | O91: 坂木 | P91: 25 | Q91: 坂木 | R91: 25 | S91: 坂木 | T91: 25 | U91: 坂木 | V91: 25 | W91: 坂木 | X91: 25 | Y91: 坂木 | Z91: 25 | AA91: 坂木 | AB91: 25
E92: 川本 | F92: 25 | G92: 川本 | H92: 25
E93: 佐々木 | F93: 25 | G93: 佐々木 | H93: 25 | I93: 佐々木 | J93: 25 | K93: 佐々木 | L93: 25 | M93: 佐々木 | N93: 25 | O93: 佐々木 | P93: 25 | Q93: 佐々木 | R93: 25 | S93: 佐々木 | T93: 25 | U93: 佐々木 | V93: 25 | W93: 佐々木 | X93: 25 | Y93: 佐々木 | Z93: 25 | AA93: 佐々木 | AB93: 25
E94: 坂元 | F94: 25 | G94: 坂元 | H94: 25 | I94: 坂元 | J94: 25 | K94: 坂元 | L94: 25 | M94: 坂元 | N94: 25 | O94: 坂元 | P94: 25 | Q94: 坂元 | R94: 25 | S94: 坂元 | T94: 25 | U94: 坂元 | V94: 25 | W94: 坂元 | X94: 25 | Y94: 坂元 | Z94: 25 | AA94: 坂元 | AB94: 25
E98: =COUNTA(E90:E97) -> 5 | F98: =SUM(F90:F97) -> 125 | G98: =COUNTA(G90:G97) -> 5 | H98: =SUM(H90:H97) -> 125 | I98: =COUNTA(I90:I97) -> 4 | J98: =SUM(J90:J97) -> 100 | K98: =COUNTA(K90:K97) -> 4 | L98: =SUM(L90:L97) -> 100 | M98: =COUNTA(M90:M97) -> 4 | N98: =SUM(N90:N97) -> 100 | O98: =COUNTA(O90:O97) -> 4 | P98: =SUM(P90:P97) -> 100 | Q98: =COUNTA(Q90:Q97) -> 4 | R98: =SUM(R90:R97) -> 100 | S98: =COUNTA(S90:S97) -> 4 | T98: =SUM(T90:T97) -> 100 | U98: =COUNTA(U90:U97) -> 4 | V98: =SUM(V90:V97) -> 100 | W98: =COUNTA(W90:W97) -> 4 | X98: =SUM(X90:X97) -> 100 | Y98: =COUNTA(Y90:Y97) -> 4 | Z98: =SUM(Z90:Z97) -> 100 | AA98: =COUNTA(AA90:AA97) -> 4 | AB98: =SUM(AB90:AB97) -> 100

Sheet Sheet4

Sheet Sheet5
